"HGVSp"	"Variant_Classification"	"Mean"	"low_CI"	"high_CI"	"count"
"."	"Splice_Site"	0.815571679215351	0.495620786622094	0.962935812252198	253
"p.Arg175His"	"Missense_Mutation"	0.831455171854999	0.594729879231857	0.956401682854038	141
"p.Arg273Cys"	"Missense_Mutation"	0.806768813284959	0.568212722568902	0.941136696586771	110
"p.Arg248Gln"	"Missense_Mutation"	0.802196054216154	0.410078911711315	0.954867858466923	108
"p.Arg273His"	"Missense_Mutation"	0.82060287186513	0.500759335237244	0.966641466284666	90
"p.Arg282Trp"	"Missense_Mutation"	0.842848767026572	0.62747622476557	0.962932378040378	75
"p.Arg248Trp"	"Missense_Mutation"	0.794098396984579	0.460676570101059	0.95121223822595	73
"p.Tyr220Cys"	"Missense_Mutation"	0.839970056910769	0.533213087379355	0.953890577697329	55
"p.Arg213Ter"	"Nonsense_Mutation"	0.796849831338813	0.477867648871297	0.959423127381327	51
"p.Arg196Ter"	"Nonsense_Mutation"	0.810666011765862	0.591349497138838	0.971495557953614	46
"p.His179Arg"	"Missense_Mutation"	0.795811251796564	0.577102399160321	0.954472896921973	36
"p.%3D"	"Silent"	0.718588376224421	0.240680327714829	0.959311162425546	35
"p.Gly245Ser"	"Missense_Mutation"	0.762825038869612	0.353386045008439	0.963240828664562	35
"p.Arg306Ter"	"Nonsense_Mutation"	0.805193439702516	0.602236719470145	0.947988978198801	29
"p.His193Arg"	"Missense_Mutation"	0.731849269010652	0.354402585414645	0.930652224073964	29
"p.Val157Phe"	"Missense_Mutation"	0.82032112164145	0.485408919546006	0.954886047633692	29
"p.Arg249Ser"	"Missense_Mutation"	0.801813646614772	0.586800709427611	0.947474148284376	25
"p.Arg158Leu"	"Missense_Mutation"	0.880494825445498	0.742183116071489	0.959534019555356	24
"p.Cys176Phe"	"Missense_Mutation"	0.821407520419047	0.520753135012131	0.943298599252469	24
"p.Tyr163Cys"	"Missense_Mutation"	0.856365303500293	0.707337447703699	0.964925032205888	23
"p.Arg342Ter"	"Nonsense_Mutation"	0.846389103991664	0.62850482889768	0.981275477171761	22
"p.Glu285Lys"	"Missense_Mutation"	0.744566499348437	0.435201110318886	0.952869126311205	22
"p.Arg273Leu"	"Missense_Mutation"	0.845594093187275	0.657342331528499	0.955588209391106	21
"p.Met237Ile"	"Missense_Mutation"	0.865513713418809	0.654748518357128	0.980490959495981	21
"p.Arg280Thr"	"Missense_Mutation"	0.798591604804227	0.386931843709749	0.95352692044292	20
"p.Gln192Ter"	"Nonsense_Mutation"	0.80707848056052	0.488857510092085	0.928078887239747	19
"p.Gln331Ter"	"Nonsense_Mutation"	0.760908235180478	0.43427017631533	0.945977629566564	19
"p.Glu298Ter"	"Nonsense_Mutation"	0.834083881871442	0.648365670215894	0.940229559595442	19
"p.Lys132Asn"	"Missense_Mutation"	0.823081728976932	0.574403329879951	0.971825235521703	19
"p.Tyr205Cys"	"Missense_Mutation"	0.75061159903412	0.250391906977673	0.931326739339016	19
"p.Tyr234Cys"	"Missense_Mutation"	0.794350371667222	0.318167058459482	0.965669628516029	19
"p.Gly245Val"	"Missense_Mutation"	0.835503700170737	0.601307167704348	0.971756191837125	18
"p.His214Arg"	"Missense_Mutation"	0.815012404631203	0.671270354079607	0.934743348215612	18
"p.Val272Met"	"Missense_Mutation"	0.812060313328624	0.402097574713504	0.974555664886964	18
"p.Ser241Phe"	"Missense_Mutation"	0.739803807880242	0.281366786393779	0.944049727080032	17
"p.Tyr236Cys"	"Missense_Mutation"	0.848035837781718	0.710645200935913	0.96823030930187	17
"p.Arg158His"	"Missense_Mutation"	0.652339057313092	0.217165146989069	0.948024871847568	16
"p.Gly245Asp"	"Missense_Mutation"	0.725549744817113	0.366339484856155	0.93648316645083	16
"p.Ile195Thr"	"Missense_Mutation"	0.900549110146721	0.823066924408272	0.963447489132695	16
"p.Arg280Lys"	"Missense_Mutation"	0.75051028199483	0.385303171871853	0.951238412927989	15
"p.Cys176Tyr"	"Missense_Mutation"	0.875794213257002	0.785214382888161	0.958507343266123	15
"p.Glu294Ter"	"Nonsense_Mutation"	0.839625097067431	0.621842346275185	0.948434683577704	15
"p.Arg337Cys"	"Missense_Mutation"	0.757189263854838	0.454270578644564	0.908151451463386	14
"p.Cys141Tyr"	"Missense_Mutation"	0.832402667041381	0.608059435489853	0.918958702802395	14
"p.Gly266Val"	"Missense_Mutation"	0.7889136429445	0.494399494848987	0.951400299788323	14
"p.His179Tyr"	"Missense_Mutation"	0.796171771193739	0.655981674422966	0.905754518624375	14
"p.Leu194Arg"	"Missense_Mutation"	0.748194377774662	0.558945232085708	0.917401784958609	14
"p.Trp91Ter"	"Nonsense_Mutation"	0.834214003228293	0.643546334834913	0.946700531382026	14
"p.Ala159Val"	"Missense_Mutation"	0.84518013369758	0.652976249587803	0.92937861442474	13
"p.Cys238Tyr"	"Missense_Mutation"	0.767161765499547	0.533087256702756	0.922190972852982	13
"p.Pro278Ser"	"Missense_Mutation"	0.867674919023039	0.707670709958274	0.949017077214907	13
"p.Cys242Phe"	"Missense_Mutation"	0.851456700646781	0.671111000504732	0.927168386703802	12
"p.Gln317Ter"	"Nonsense_Mutation"	0.814363763756862	0.6293170318997	0.949724578445322	12
"p.His193Leu"	"Missense_Mutation"	0.887255482790192	0.733093725057998	0.975457185695997	12
"p.Pro151Ser"	"Missense_Mutation"	0.808332490659728	0.66467907189903	0.947012421120343	12
"p.Val173Met"	"Missense_Mutation"	0.848684760251295	0.755944085436691	0.965057242971596	12
"p.Arg110Leu"	"Missense_Mutation"	0.798400604020261	0.531045265739156	0.967939803614073	11
"p.Cys275Phe"	"Missense_Mutation"	0.856063603703896	0.654487141702394	0.977667711106731	11
"p.Glu271Lys"	"Missense_Mutation"	0.73278876145169	0.502876109614561	0.915139178564333	11
"p.Glu286Lys"	"Missense_Mutation"	0.842487999702682	0.57323177421917	0.957018543261003	11
"p.Gly245Cys"	"Missense_Mutation"	0.899024116815695	0.841983533954275	0.958162437016725	11
"p.Gly266Arg"	"Missense_Mutation"	0.726722771419262	0.351404487841399	0.936026343451547	11
"p.Gly266Glu"	"Missense_Mutation"	0.858415387334887	0.705909057429634	0.955540994214328	11
"p.Trp146Ter"	"Nonsense_Mutation"	0.874256453778915	0.744995065015633	0.964626386954107	11
"p.Val216Met"	"Missense_Mutation"	0.822170315416464	0.651404611397739	0.954423982258642	11
"."	"Intron"	0.720797167505141	0.404340828581234	0.946060582844614	10
"p.Ala159Pro"	"Missense_Mutation"	0.819074666079174	0.68363418543506	0.944213333849372	10
"p.Arg209LysfsTer6"	"Frame_Shift_Del"	0.769110551509238	0.601963254018523	0.907670033830019	10
"p.Arg248Leu"	"Missense_Mutation"	0.677452626506811	0.118791640394807	0.912398696951992	10
"p.Cys238Phe"	"Missense_Mutation"	0.737862973710177	0.405721894995361	0.907238243009948	10
"p.Cys275Tyr"	"Missense_Mutation"	0.790419372644765	0.657408178597085	0.922903170067181	10
"p.Glu171Ter"	"Nonsense_Mutation"	0.863621761875416	0.769683806972991	0.940611306718635	10
"p.Glu198Ter"	"Nonsense_Mutation"	0.872262979561646	0.779036738125399	0.940232007535926	10
"p.Glu204Ter"	"Nonsense_Mutation"	0.816193521698666	0.600565777615765	0.943479672027481	10
"p.His193Tyr"	"Missense_Mutation"	0.807249375902759	0.596820025081598	0.950058830383398	10
"p.Pro250Leu"	"Missense_Mutation"	0.833293516337831	0.600202590353693	0.959229467450014	10
"p.Val173Leu"	"Missense_Mutation"	0.848281969804591	0.717197249978531	0.925093740485273	10
"p.Arg175Gly"	"Missense_Mutation"	0.851452145761109	0.639890791080826	0.945671318820962	9
"p.Cys135Tyr"	"Missense_Mutation"	0.703058193509295	0.327658402944009	0.940386748602879	9
"p.Cys242AlafsTer5"	"Frame_Shift_Del"	0.859284953759016	0.668255926359491	0.966960575921997	9
"p.Gln136Ter"	"Nonsense_Mutation"	0.785969261007237	0.614611473263222	0.92261459088173	9
"p.Gln144Ter"	"Nonsense_Mutation"	0.615471992617019	0.242618051480626	0.849603117416943	9
"p.Pro278Ala"	"Missense_Mutation"	0.894440941936217	0.828981545169311	0.942522524714756	9
"p.Pro27LeufsTer17"	"Frame_Shift_Del"	0.806453096618497	0.584923257799478	0.936870986672453	9
"p.Ser183Ter"	"Nonsense_Mutation"	0.795336844303597	0.508673103320799	0.969101953108256	9
"p.Ser241Cys"	"Missense_Mutation"	0.90152754976805	0.751664832414038	0.975730342918838	9
"p.Arg283Pro"	"Missense_Mutation"	0.778450203357439	0.468943696418369	0.898251062034848	8
"p.Cys135Phe"	"Missense_Mutation"	0.755195710999398	0.487114561968767	0.885645746090314	8
"p.Gly154AlafsTer16"	"Frame_Shift_Del"	0.828265042524345	0.729807186205528	0.8971101017739	8
"p.Leu35CysfsTer9"	"Frame_Shift_Del"	0.720202984583684	0.592182925720197	0.785076015966325	8
"p.Pro151His"	"Missense_Mutation"	0.849116401119499	0.77261876761919	0.901941612445247	8
"p.Pro190Leu"	"Missense_Mutation"	0.765416547976378	0.469157773260993	0.938906373358627	8
"p.Val122AspfsTer26"	"Frame_Shift_Del"	0.851222353681893	0.632410329545585	0.958969381314661	8
"p.Ala161Thr"	"Missense_Mutation"	0.753200136514788	0.459393613829369	0.901463508147687	7
"p.Arg273Ser"	"Missense_Mutation"	0.831688484016766	0.742437033118014	0.949541832291541	7
"p.Asn239Asp"	"Missense_Mutation"	0.680611295932124	0.384946795712852	0.933731688229687	7
"p.Asp281Tyr"	"Missense_Mutation"	0.81988357014031	0.690164503046288	0.93899244324264	7
"p.Gln136Glu"	"Missense_Mutation"	0.837091861634821	0.704497719764289	0.940051369377582	7
"p.Gln167Ter"	"Nonsense_Mutation"	0.829921059932578	0.613407817594504	0.950087486162349	7
"p.Glu285Ter"	"Nonsense_Mutation"	0.773833913079885	0.517810767739137	0.917459094564103	7
"p.Glu336Ter"	"Nonsense_Mutation"	0.907634589120769	0.799366527401899	0.969842983216584	7
"p.Gly199Val"	"Missense_Mutation"	0.687560750788558	0.401483562614513	0.935078822542565	7
"p.Gly244Asp"	"Missense_Mutation"	0.787379699551864	0.652730976727711	0.924976241325263	7
"p.His193Pro"	"Missense_Mutation"	0.708719299898978	0.418633890126443	0.907694234144075	7
"p.Ile195Phe"	"Missense_Mutation"	0.849899815029812	0.7845809563228	0.932760859450744	7
"p.Pro152Leu"	"Missense_Mutation"	0.744240418134143	0.482768833155259	0.866900594447617	7
"p.Ser241Tyr"	"Missense_Mutation"	0.867840137294551	0.706759324118077	0.96307317485344	7
"p.Thr155Pro"	"Missense_Mutation"	0.870565655351482	0.793338238614055	0.922754945079143	7
"p.Val73ArgfsTer76"	"Frame_Shift_Ins"	0.870175217487161	0.741416092780307	0.952147789601109	7
"p.Arg249Gly"	"Missense_Mutation"	0.839321748872797	0.56124984331682	0.951371046939835	6
"p.Arg249Met"	"Missense_Mutation"	0.78402290026525	0.54403174540564	0.921518283340945	6
"p.Arg337Leu"	"Missense_Mutation"	0.874541194626267	0.676006273599012	0.948061931909501	6
"p.Arg342GlufsTer3"	"Frame_Shift_Del"	0.836339155580672	0.535885424057244	0.971307453671711	6
"p.Asp259Val"	"Missense_Mutation"	0.567222810824193	0.347587411556765	0.824079482967677	6
"p.Glu286Gly"	"Missense_Mutation"	0.876516044451742	0.809304878077433	0.952412647579953	6
"p.Glu286Ter"	"Nonsense_Mutation"	0.774060169123941	0.546965225642268	0.943908342791572	6
"p.Glu339Ter"	"Nonsense_Mutation"	0.820575807960774	0.635100240317121	0.919847815238431	6
"p.Gly105Cys"	"Missense_Mutation"	0.829563001884088	0.726570624414735	0.922123607187279	6
"p.Gly244Ser"	"Missense_Mutation"	0.644776312103794	0.273199010325853	0.915421632321444	6
"p.Gly266Ter"	"Nonsense_Mutation"	0.942261140372739	0.843089608526344	0.98108716829447	6
"p.Gly279Glu"	"Missense_Mutation"	0.727477910392443	0.495852214270149	0.856775506557351	6
"p.Gly334Val"	"Missense_Mutation"	0.792882734080068	0.586959880380451	0.923273125230493	6
"p.Leu130Val"	"Missense_Mutation"	0.791439314441813	0.591960738001998	0.907079104680055	6
"p.Lys132Glu"	"Missense_Mutation"	0.78405931961734	0.595257981614721	0.8921258009394	6
"p.Pro278Arg"	"Missense_Mutation"	0.903935273317901	0.846036498316718	0.957586606766742	6
"p.Pro278Leu"	"Missense_Mutation"	0.817829786553464	0.768573214814154	0.905335366130776	6
"p.Ser127Phe"	"Missense_Mutation"	0.825689709874863	0.680958553412965	0.920834046841879	6
"p.Ser127Tyr"	"Missense_Mutation"	0.826215290311374	0.675493251371162	0.948905261341173	6
"p.Val274Phe"	"Missense_Mutation"	0.890568609201431	0.804471952176178	0.973134638098192	6
"p.Arg213Gln"	"Missense_Mutation"	0.646283899517789	0.286754420734371	0.85363541479656	5
"p.Arg213Leu"	"Missense_Mutation"	0.86821972996735	0.806537514611351	0.938041205011109	5
"p.Arg267Pro"	"Missense_Mutation"	0.80946951787993	0.754086354878604	0.911697323665563	5
"p.Arg280Gly"	"Missense_Mutation"	0.87484819070746	0.801729485926762	0.969433823325657	5
"p.Asp281Glu"	"Missense_Mutation"	0.764376288846423	0.565518047185781	0.925389896703758	5
"p.Cys141Trp"	"Missense_Mutation"	0.72941693533973	0.609463836737125	0.920983336543976	5
"p.Cys242Ser"	"Missense_Mutation"	0.869797266613523	0.818992444846564	0.890071992943284	5
"p.Cys242Tyr"	"Missense_Mutation"	0.787749716105417	0.649497420415054	0.868891520716271	5
"p.Gln331His"	"Missense_Mutation"	0.818716685982846	0.626020670255042	0.926305205493509	5
"p.Glu224Asp"	"Missense_Mutation"	0.824983194669649	0.668286306821705	0.93108029471455	5
"p.Glu343Ter"	"Nonsense_Mutation"	0.831954243020715	0.758554763029102	0.925771349795196	5
"p.Glu349Ter"	"Nonsense_Mutation"	0.861875527540093	0.795838815794104	0.949193996136667	5
"p.Glu56Ter"	"Nonsense_Mutation"	0.777430311864256	0.334972259746413	0.977097077108835	5
"p.Glu68Ter"	"Nonsense_Mutation"	0.787989861002929	0.559945103490445	0.958566785534251	5
"p.Gly154Val"	"Missense_Mutation"	0.744676557785132	0.465628450283095	0.948443060763859	5
"p.Gly244Cys"	"Missense_Mutation"	0.858718398087192	0.808364342188847	0.910260222396562	5
"p.Gly262Val"	"Missense_Mutation"	0.862144060200695	0.761162178843655	0.925532137147923	5
"p.Leu130Phe"	"Missense_Mutation"	0.685718733110033	0.586242607408456	0.853739670619577	5
"p.Lys132Arg"	"Missense_Mutation"	0.881865776484633	0.805008027598393	0.944553901083084	5
"p.Met246Ile"	"Missense_Mutation"	0.623127421443795	0.433983036175191	0.877256021563393	5
"p.Phe270Ser"	"Missense_Mutation"	0.872561964451764	0.749107465067618	0.947567527903265	5
"p.Pro128LeufsTer42"	"Frame_Shift_Del"	0.749818024848702	0.604840822145923	0.93543239305866	5
"p.Pro151Thr"	"Missense_Mutation"	0.843568007677392	0.653061971790999	0.93209853684761	5
"p.Pro177_Cys182del"	"In_Frame_Del"	0.900228271325422	0.860384606682655	0.931286803760974	5
"p.Pro278His"	"Missense_Mutation"	0.727441448301618	0.447186425348795	0.938317526278497	5
"p.Pro278Thr"	"Missense_Mutation"	0.791371698610085	0.645342334139238	0.932586549698346	5
"p.Ser106Arg"	"Missense_Mutation"	0.849400676688259	0.674392429756947	0.964228595189674	5
"p.Ser215Ile"	"Missense_Mutation"	0.730741588641776	0.394507718449151	0.925808245066886	5
"p.Ser94Ter"	"Nonsense_Mutation"	0.896468856672015	0.868463076498255	0.918296756341314	5
"p.Tyr126Cys"	"Missense_Mutation"	0.798686881232693	0.607231608437448	0.953225298361824	5
"p.Tyr163His"	"Missense_Mutation"	0.676240660528747	0.377727771704031	0.894585981125344	5
"p.Ala161Ser"	"Missense_Mutation"	0.68276173980843	0.384806684787253	0.855756514653543	4
"p.Arg156Pro"	"Missense_Mutation"	0.799194331613574	0.707289265173982	0.873719489312967	4
"p.Arg181His"	"Missense_Mutation"	0.561813663574649	0.208206246308883	0.836727278208368	4
"p.Arg213AspfsTer34"	"Frame_Shift_Del"	0.800772207822548	0.679500096306277	0.871038827340782	4
"p.Arg267Trp"	"Missense_Mutation"	0.519685306884877	0.256290804365025	0.765812294513807	4
"p.Arg273Pro"	"Missense_Mutation"	0.929374861665298	0.859011293219225	0.966248082644534	4
"p.Asn239Ser"	"Missense_Mutation"	0.918197030073163	0.831130397302574	0.986160750967442	4
"p.Asp259Tyr"	"Missense_Mutation"	0.876391730303334	0.77086610203503	0.935805719903841	4
"p.Cys135Arg"	"Missense_Mutation"	0.868460940733251	0.744725025650372	0.959006690283207	4
"p.Cys277Phe"	"Missense_Mutation"	0.798179100905803	0.634451110128741	0.908476890880153	4
"p.Gln100Ter"	"Nonsense_Mutation"	0.835102357191475	0.709119927467916	0.906092943048064	4
"p.Gln38Ter"	"Nonsense_Mutation"	0.916297619341399	0.870837629084354	0.952447539080804	4
"p.Gln52Ter"	"Nonsense_Mutation"	0.823995134306336	0.783586806005991	0.875103537765677	4
"p.Glu221Ter"	"Nonsense_Mutation"	0.812055909599796	0.705019079988806	0.950960617036808	4
"p.Glu258Lys"	"Missense_Mutation"	0.792075969539133	0.662425165817335	0.892525431039254	4
"p.Glu271Ter"	"Nonsense_Mutation"	0.888234403729919	0.862805619395032	0.937147063866878	4
"p.Glu285Val"	"Missense_Mutation"	0.820599664621297	0.711272243911301	0.934859467191203	4
"p.Glu286Gln"	"Missense_Mutation"	0.789121645724137	0.657770300349215	0.906049240867052	4
"p.Glu287Ter"	"Nonsense_Mutation"	0.847959235864029	0.778350584882727	0.891872382217691	4
"p.Glu294SerfsTer51"	"Frame_Shift_Del"	0.82516075464554	0.726450226615573	0.927573754844136	4
"p.Gly105Val"	"Missense_Mutation"	0.892844384269019	0.83828395564135	0.954816739854307	4
"p.His179Asn"	"Missense_Mutation"	0.82835391567766	0.68128912908207	0.97672099224628	4
"p.His179Asp"	"Missense_Mutation"	0.870308720048542	0.820706117517874	0.912624324530292	4
"p.Ile195Asn"	"Missense_Mutation"	0.923719093060476	0.864508772831944	0.964270811665974	4
"p.Ile255del"	"In_Frame_Del"	0.775192804744355	0.599058935720278	0.952176765195651	4
"p.Leu265Pro"	"Missense_Mutation"	0.841670886993295	0.778125987620653	0.913822921785377	4
"p.Lys382AsnfsTer40"	"Frame_Shift_Del"	0.487356329773524	0.245618207440913	0.805627679657246	4
"p.Met246Val"	"Missense_Mutation"	0.781221494788951	0.588518265125228	0.881087943053122	4
"p.Phe113Cys"	"Missense_Mutation"	0.793672086083479	0.676227842468404	0.853001319945986	4
"p.Phe134Leu"	"Missense_Mutation"	0.867804190724124	0.797221822421684	0.936370922243383	4
"p.Pro152ArgfsTer18"	"Frame_Shift_Del"	0.738730888540815	0.53429388297512	0.920796323918719	4
"p.Pro153AlafsTer28"	"Frame_Shift_Ins"	0.893488551228197	0.793078976678196	0.965779332331638	4
"p.Pro301GlnfsTer44"	"Frame_Shift_Del"	0.75853784700124	0.517338739390717	0.952109988017355	4
"p.Ser166Ter"	"Nonsense_Mutation"	0.832879155866576	0.676268055770864	0.94475255228304	4
"p.Ser215Gly"	"Missense_Mutation"	0.83332783430306	0.794645203541167	0.852267989857937	4
"p.Thr211Ile"	"Missense_Mutation"	0.922228851389906	0.899149609047351	0.965695485373161	4
"p.Trp53Ter"	"Nonsense_Mutation"	0.794526950481518	0.750751144947394	0.834327412301061	4
"p.Tyr107Asp"	"Missense_Mutation"	0.904317195491554	0.875877711181281	0.964295060612588	4
"p.Tyr205Ser"	"Missense_Mutation"	0.861153014745866	0.793410460022138	0.938692861378661	4
"p.Tyr220His"	"Missense_Mutation"	0.722868660332764	0.541299847498329	0.899602373082968	4
"p.Tyr220Ser"	"Missense_Mutation"	0.57206877827648	0.166852500753061	0.81934742856203	4
"p.Val143Met"	"Missense_Mutation"	0.824800017167413	0.795080267918071	0.882758106666752	4
"p.Val157Asp"	"Missense_Mutation"	0.940464870295049	0.915543596891596	0.969249928514033	4
"p.Val274Gly"	"Missense_Mutation"	0.827668297169237	0.639043229525827	0.916926197936487	4
"."	"3'UTR"	0.422166189565354	0.176711904198729	0.7395942483618	3
"p.Ala276Asp"	"Missense_Mutation"	0.890656677775875	0.844388900206883	0.940717027229831	3
"p.Arg110ValfsTer13"	"Frame_Shift_Del"	0.81939146110748	0.651634407861918	0.918072080663693	3
"p.Arg158Gly"	"Missense_Mutation"	0.6319576623556	0.500733901077699	0.850597043484712	3
"p.Arg196Pro"	"Missense_Mutation"	0.824886016405113	0.712347160000954	0.892971715905697	3
"p.Arg248Pro"	"Missense_Mutation"	0.796483980720862	0.616343042696186	0.955108267912115	3
"p.Arg249Trp"	"Missense_Mutation"	0.809073225230572	0.728072364973182	0.920468082430956	3
"p.Arg280Ile"	"Missense_Mutation"	0.877943089785354	0.864758699730229	0.889051830882191	3
"p.Arg280Ser"	"Missense_Mutation"	0.835193359782569	0.734887606106178	0.928447720926512	3
"p.Arg282Gly"	"Missense_Mutation"	0.667222102821646	0.548107663697592	0.869716649332538	3
"p.Arg337His"	"Missense_Mutation"	0.471785617154164	0.132970489511273	0.77425671923072	3
"p.Arg342Pro"	"Missense_Mutation"	0.616985433628893	0.433827691246243	0.784583939005927	3
"p.Asn131Ile"	"Missense_Mutation"	0.797854691890886	0.580840833990067	0.926949448398253	3
"p.Asp281Val"	"Missense_Mutation"	0.902781316878776	0.881517945804265	0.935012903786437	3
"p.Cys135Trp"	"Missense_Mutation"	0.678588767324966	0.499840304545557	0.943764999250511	3
"p.Cys141Arg"	"Missense_Mutation"	0.556406786518365	0.483482839842077	0.680377495868056	3
"p.Cys141Gly"	"Missense_Mutation"	0.562936374432066	0.488299027360796	0.645868331101866	3
"p.Cys176Ter"	"Nonsense_Mutation"	0.955064658484302	0.911961613349058	0.981081088639788	3
"p.Cys229TyrfsTer10"	"Frame_Shift_Del"	0.882666226792706	0.847922126951804	0.923256974314867	3
"p.Cys277Ter"	"Nonsense_Mutation"	0.690507716273288	0.372607560629281	0.928162019274711	3
"p.Gln104Ter"	"Nonsense_Mutation"	0.823725228429714	0.685154920663106	0.931432477255757	3
"p.Glu224Ter"	"Nonsense_Mutation"	0.844478897474293	0.768507194985612	0.936554583258251	3
"p.Glu258Gln"	"Missense_Mutation"	0.61549201549604	0.600967355251767	0.624035933286789	3
"p.Glu271Val"	"Missense_Mutation"	0.648548115488862	0.410505529818786	0.876962928550448	3
"p.Glu287Asp"	"Missense_Mutation"	0.695234994395003	0.454015087438655	0.874736945440244	3
"p.Glu339ArgfsTer6"	"Frame_Shift_Del"	0.920637113822307	0.866273316279872	0.970503072466287	3
"p.Glu51Ter"	"Nonsense_Mutation"	0.911907952223814	0.850535341933979	0.961141991036116	3
"p.Glu62Ter"	"Nonsense_Mutation"	0.691608741004253	0.473878347358441	0.819685443148847	3
"p.His168Leu"	"Missense_Mutation"	0.843909560517936	0.831537836713154	0.864941490986066	3
"p.His178ProfsTer3"	"Frame_Shift_Ins"	0.651647971652133	0.45890012976165	0.828926185814922	3
"p.His178ThrfsTer69"	"Frame_Shift_Del"	0.858334339640671	0.781823555341225	0.917474630290866	3
"p.His179Leu"	"Missense_Mutation"	0.846642819204678	0.781374685171164	0.913236323688903	3
"p.His193Asn"	"Missense_Mutation"	0.706881191711263	0.498508172971023	0.867778485278236	3
"p.Ile232Ser"	"Missense_Mutation"	0.826901552216419	0.658523507904818	0.953091807225697	3
"p.Ile232Thr"	"Missense_Mutation"	0.690221404296602	0.518263191387125	0.858051843921753	3
"p.Ile254Ser"	"Missense_Mutation"	0.809940971108175	0.708146488174857	0.9094909559765	3
"p.Leu111Pro"	"Missense_Mutation"	0.798150122673088	0.665216248047458	0.910256033713864	3
"p.Leu145Arg"	"Missense_Mutation"	0.854664092645289	0.849195644277536	0.857880826979262	3
"p.Leu194His"	"Missense_Mutation"	0.881934709761951	0.848400986236119	0.938942039755866	3
"p.Leu265Arg"	"Missense_Mutation"	0.688633679540129	0.365971216402457	0.88608577105601	3
"p.Lys120Glu"	"Missense_Mutation"	0.766782617380346	0.635079819208728	0.859928576218251	3
"p.Lys139Asn"	"Missense_Mutation"	0.672420038998536	0.579644268615569	0.770825533170379	3
"p.Lys305Ter"	"Nonsense_Mutation"	0.884734921363444	0.853731252984827	0.907458936212623	3
"p.Met237Val"	"Missense_Mutation"	0.803489509958437	0.717072360582727	0.874306913126149	3
"p.Phe109Cys"	"Missense_Mutation"	0.764467013631866	0.684665150593127	0.852472282102068	3
"p.Phe270Cys"	"Missense_Mutation"	0.886139251544778	0.864021643790403	0.899149609047351	3
"p.Pro151Arg"	"Missense_Mutation"	0.82216062743151	0.677275532201568	0.917218917454445	3
"p.Pro151ArgfsTer27"	"Frame_Shift_Del"	0.958004814939581	0.935255416441598	0.971386814056041	3
"p.Pro177Arg"	"Missense_Mutation"	0.723908601694327	0.600904516633738	0.820942331995273	3
"p.Pro191del"	"In_Frame_Del"	0.640464763330789	0.435850840169569	0.839953154443038	3
"p.Ser90ProfsTer33"	"Frame_Shift_Del"	0.824168193809211	0.675157504251435	0.916073969167888	3
"p.Thr155Asn"	"Missense_Mutation"	0.875862052652448	0.805818469894784	0.933874036896368	3
"p.Thr211PhefsTer4"	"Frame_Shift_Del"	0.890111376089291	0.843430177558949	0.946964057169943	3
"p.Tyr103Ter"	"Nonsense_Mutation"	0.849096993219142	0.827746624397764	0.861656033702305	3
"p.Tyr126Asn"	"Missense_Mutation"	0.80543230731263	0.70078159737306	0.930252958208143	3
"p.Tyr126Asp"	"Missense_Mutation"	0.787742426498989	0.587702652375383	0.908748340171806	3
"p.Tyr163Asn"	"Missense_Mutation"	0.902721886642575	0.856031030325321	0.943365118120396	3
"p.Tyr205Asn"	"Missense_Mutation"	0.85108044413983	0.758641071845626	0.918384732742307	3
"p.Tyr205His"	"Missense_Mutation"	0.814761046356276	0.793618523666469	0.850528158968349	3
"p.Tyr236Ter"	"Nonsense_Mutation"	0.9056544561002	0.82742845551077	0.958618573457577	3
"p.Val172Phe"	"Missense_Mutation"	0.932862957738856	0.927416049377403	0.938903240084775	3
"p.Val197Gly"	"Missense_Mutation"	0.783816106800798	0.555798887402204	0.933477408381338	3
"p.Val216Leu"	"Missense_Mutation"	0.773923852325148	0.66583883102807	0.910482305141785	3
"p.Val218Gly"	"Missense_Mutation"	0.819184927987017	0.751089007443615	0.892798927233946	3
"p.Val272Leu"	"Missense_Mutation"	0.793120970351781	0.647005537254157	0.916396544603086	3
"p.Ala138CysfsTer27"	"Frame_Shift_Del"	0.660192194326982	0.523128479885019	0.797255908768945	2
"p.Ala138Val"	"Missense_Mutation"	0.888199615936204	0.885695745274783	0.890703486597625	2
"p.Ala161Asp"	"Missense_Mutation"	0.768311657838162	0.664945147043951	0.871678168632372	2
"p.Ala161Val"	"Missense_Mutation"	0.741330069930657	0.727778906368571	0.754881233492744	2
"p.Ala189ProfsTer58"	"Frame_Shift_Del"	0.88415570237906	0.844329666966772	0.923981737791348	2
"p.Ala276Gly"	"Missense_Mutation"	0.83634649699016	0.811298250758215	0.861394743222104	2
"p.Ala84ProfsTer39"	"Frame_Shift_Del"	0.923916102629679	0.905170088976911	0.942662116282447	2
"p.Arg110Pro"	"Missense_Mutation"	0.668094299672604	0.621499670959401	0.714688928385808	2
"p.Arg110SerfsTer14"	"Frame_Shift_Ins"	0.686478509453084	0.441202433175003	0.931754585731166	2
"p.Arg110TrpfsTer12"	"Frame_Shift_Del"	0.901176972461783	0.901176972461783	0.901176972461783	2
"p.Arg158AlafsTer12"	"Frame_Shift_Del"	0.926056432834052	0.912486123764191	0.939626741903913	2
"p.Arg158Ser"	"Missense_Mutation"	0.762517775192502	0.750490376751098	0.774545173633906	2
"p.Arg174SerfsTer73"	"Frame_Shift_Del"	0.556744643016474	0.406843575641215	0.706645710391733	2
"p.Arg174Trp"	"Missense_Mutation"	0.831487879773087	0.747242845211921	0.915732914334253	2
"p.Arg209Ter"	"Nonsense_Mutation"	0.662537029904977	0.583590694945852	0.741483364864102	2
"p.Arg267Gly"	"Missense_Mutation"	0.906424714687895	0.850887118509619	0.961962310866172	2
"p.Arg267Leu"	"Missense_Mutation"	0.556523518101575	0.415645419319067	0.697401616884082	2
"p.Arg333ValfsTer12"	"Frame_Shift_Del"	0.942518369871485	0.935526337626342	0.949510402116628	2
"p.Arg335LeufsTer10"	"Frame_Shift_Del"	0.566045472523985	0.258185702234783	0.873905242813186	2
"p.Arg335ValfsTer10"	"Frame_Shift_Del"	0.733683895349599	0.707863263949272	0.759504526749927	2
"p.Arg337Ser"	"Missense_Mutation"	0.74517068256027	0.715748907566831	0.774592457553709	2
"p.Arg65GlufsTer58"	"Frame_Shift_Del"	0.869017218522765	0.829188652962216	0.908845784083315	2
"p.Asn200IlefsTer47"	"Frame_Shift_Del"	0.907404985788883	0.881095425494545	0.933714546083222	2
"p.Asn239Ter"	"Frame_Shift_Ins"	0.942652913175494	0.905130312430789	0.9801755139202	2
"p.Asn268_Arg273del"	"In_Frame_Del"	0.900517336616513	0.900517336616513	0.900517336616513	2
"p.Asn268ThrfsTer77"	"Frame_Shift_Del"	0.778396254532108	0.778396254532108	0.778396254532108	2
"p.Asp208Gly"	"Missense_Mutation"	0.828369489997993	0.730716447418347	0.92602253257764	2
"p.Asp228Ter"	"Frame_Shift_Ins"	0.930787730656121	0.924086820424175	0.937488640888066	2
"p.Asp281His"	"Missense_Mutation"	0.779389423761851	0.764123762558876	0.794655084964826	2
"p.Cys124Ter"	"Nonsense_Mutation"	0.88001914358567	0.821793629435354	0.938244657735986	2
"p.Cys135AlafsTer35"	"Frame_Shift_Del"	0.911584633673512	0.911584633673512	0.911584633673512	2
"p.Cys135Ter"	"Nonsense_Mutation"	0.732100033623437	0.710154679599029	0.754045387647845	2
"p.Cys141AlafsTer29"	"Frame_Shift_Del"	0.868216675978009	0.836999835061794	0.899433516894223	2
"p.Cys141Phe"	"Missense_Mutation"	0.49485304915703	0.207209585396267	0.782496512917793	2
"p.Cys176Arg"	"Missense_Mutation"	0.18689149346719	0.18689149346719	0.18689149346719	2
"p.Cys176Ser"	"Missense_Mutation"	0.895314195036654	0.876486701137496	0.914141688935813	2
"p.Cys176Trp"	"Missense_Mutation"	0.539363491240054	0.273200360147656	0.805526622332452	2
"p.Cys238Arg"	"Missense_Mutation"	0.918125832966745	0.907176275614301	0.929075390319189	2
"p.Cys238Ser"	"Missense_Mutation"	0.900585978498981	0.861256642974117	0.939915314023845	2
"p.Cys242Gly"	"Missense_Mutation"	0.808768638378404	0.669763771695484	0.947773505061323	2
"p.Cys275Arg"	"Missense_Mutation"	0.782503273226284	0.70590944408695	0.859097102365619	2
"p.Cys275Ser"	"Missense_Mutation"	0.480319936266259	0.102992500650579	0.857647371881939	2
"p.Gln136Pro"	"Missense_Mutation"	0.879380948723113	0.870736396538591	0.888025500907634	2
"p.Gln354Ter"	"Nonsense_Mutation"	0.113518732657365	0.113518732657365	0.113518732657365	2
"p.Gln38LysfsTer6"	"Frame_Shift_Del"	0.919591865191245	0.898931696981961	0.94025203340053	2
"p.Glu11Ter"	"Nonsense_Mutation"	0.232974848772722	0.232974848772722	0.232974848772722	2
"p.Glu171Lys"	"Missense_Mutation"	0.781349504535783	0.649832043024128	0.912866966047438	2
"p.Glu180Lys"	"Missense_Mutation"	0.734390840954502	0.616330245662116	0.852451436246887	2
"p.Glu180Ter"	"Nonsense_Mutation"	0.850969722106485	0.779914926143457	0.922024518069513	2
"p.Glu258Asp"	"Missense_Mutation"	0.900121358711952	0.86493686637767	0.935305851046234	2
"p.Glu258Ter"	"Nonsense_Mutation"	0.625708871520907	0.583345974770707	0.668071768271108	2
"p.Glu271Gln"	"Missense_Mutation"	0.481555020412111	0.24940594324169	0.713704097582533	2
"p.Glu286_Glu287del"	"In_Frame_Del"	0.942981576909783	0.928355659275732	0.957607494543833	2
"p.Glu286Ala"	"Missense_Mutation"	0.878057863783154	0.878057863783154	0.878057863783154	2
"p.Glu336SerfsTer9"	"Frame_Shift_Del"	0.924608818040523	0.924608818040523	0.924608818040523	2
"p.Glu346Ter"	"Nonsense_Mutation"	0.557934134859653	0.557934134859653	0.557934134859653	2
"p.Glu56LysfsTer67"	"Frame_Shift_Del"	0.869490164342668	0.86568995689864	0.873290371786695	2
"p.Gly105Asp"	"Missense_Mutation"	0.690595962668331	0.48715610762045	0.894035817716211	2
"p.Gly108ValfsTer15"	"Frame_Shift_Del"	0.865282882878207	0.839114803749398	0.891450962007016	2
"p.Gly199Ter"	"Nonsense_Mutation"	0.779366584101239	0.766881552467235	0.791851615735244	2
"p.Gly244Val"	"Missense_Mutation"	0.764360628225889	0.665234635426247	0.86348662102553	2
"p.Gly245Arg"	"Missense_Mutation"	0.839375652720823	0.83839458245883	0.840356722982816	2
"p.Gly262ValfsTer83"	"Frame_Shift_Del"	0.784117597941174	0.681484995821079	0.88675020006127	2
"p.Gly266AspfsTer79"	"Frame_Shift_Del"	0.926363518751108	0.926055210642779	0.926671826859437	2
"p.Gly302ArgfsTer4"	"Frame_Shift_Ins"	0.752591380614606	0.634856219042226	0.870326542186986	2
"p.Gly334Trp"	"Missense_Mutation"	0.578363117213766	0.463911965217839	0.692814269209694	2
"p.His179Gln"	"Missense_Mutation"	0.853117152392732	0.847389190780798	0.858845114004666	2
"p.Ile195AsnfsTer14"	"Frame_Shift_Ins"	0.872116464086667	0.849071693690902	0.895161234482433	2
"p.Ile195LeufsTer53"	"Frame_Shift_Ins"	0.816352223478483	0.816352223478483	0.816352223478483	2
"p.Ile195Ser"	"Missense_Mutation"	0.850811850762463	0.739001699130717	0.96262200239421	2
"p.Ile232Asn"	"Missense_Mutation"	0.921942038007155	0.887869180198005	0.956014895816306	2
"p.Ile232Phe"	"Missense_Mutation"	0.687359243974238	0.687359243974238	0.687359243974238	2
"p.Ile251SerfsTer94"	"Frame_Shift_Del"	0.510512430091196	0.337871732081673	0.683153128100719	2
"p.Ile255Phe"	"Missense_Mutation"	0.802706193565174	0.686013325647421	0.919399061482928	2
"p.Leu111Arg"	"Missense_Mutation"	0.894546635093361	0.852725037201271	0.93636823298545	2
"p.Leu111Gln"	"Missense_Mutation"	0.686384112302768	0.675236673625441	0.697531550980094	2
"p.Leu145Pro"	"Missense_Mutation"	0.908638160712532	0.900815758295254	0.91646056312981	2
"p.Leu194GlufsTer51"	"Frame_Shift_Del"	0.910422274566906	0.896182344393249	0.924662204740563	2
"p.Leu194Pro"	"Missense_Mutation"	0.908092378259502	0.864139534854989	0.952045221664014	2
"p.Leu201Ter"	"Nonsense_Mutation"	0.893696410966498	0.886932663377789	0.900460158555207	2
"p.Leu252del"	"In_Frame_Del"	0.653732925654736	0.47109334702695	0.836372504282522	2
"p.Leu252SerfsTer93"	"Frame_Shift_Del"	0.935410251067167	0.917778683619796	0.953041818514537	2
"p.Leu257Gln"	"Missense_Mutation"	0.811057938909784	0.786168946446475	0.835946931373093	2
"p.Leu35PhefsTer8"	"Frame_Shift_Ins"	0.873019199619495	0.849878806067587	0.896159593171403	2
"p.Leu43Ter"	"Frame_Shift_Del"	0.724068322041538	0.557637779263435	0.890498864819641	2
"p.Lys120SerfsTer3"	"Frame_Shift_Del"	0.84572729666585	0.821715208140249	0.869739385191452	2
"p.Lys292Ter"	"Nonsense_Mutation"	0.75519811449286	0.580978461074493	0.929417767911226	2
"p.Lys319ArgfsTer26"	"Frame_Shift_Del"	0.495482418595504	0.495482418595504	0.495482418595504	2
"p.Lys351Ter"	"Nonsense_Mutation"	0.916576790116379	0.884468662090024	0.948684918142735	2
"p.Met133Lys"	"Missense_Mutation"	0.926937670301274	0.905672001394582	0.948203339207967	2
"p.Met169Ile"	"Missense_Mutation"	0.507026617397293	0.258320054805279	0.755733179989307	2
"p.Met237GlyfsTer20"	"Frame_Shift_Del"	0.712787070820764	0.712787070820764	0.712787070820764	2
"p.Met237Lys"	"Missense_Mutation"	0.922614620257422	0.911119118958877	0.934110121555968	2
"p.Met44IlefsTer79"	"Frame_Shift_Del"	0.867111156127537	0.867111156127537	0.867111156127537	2
"p.Phe109Ser"	"Missense_Mutation"	0.918000896811816	0.883538887489123	0.95246290613451	2
"p.Phe109Val"	"Missense_Mutation"	0.928390062391677	0.920308871568845	0.936471253214509	2
"p.Phe113del"	"In_Frame_Del"	0.789188876695744	0.771874194851938	0.80650355853955	2
"p.Phe113Val"	"Missense_Mutation"	0.897293306903142	0.848695964524871	0.945890649281413	2
"p.Phe212SerfsTer3"	"Frame_Shift_Del"	0.877237241358281	0.865487935339402	0.88898654737716	2
"p.Phe270Val"	"Missense_Mutation"	0.714008750299104	0.673499959680461	0.754517540917746	2
"p.Phe328SerfsTer17"	"Frame_Shift_Del"	0.893929670530592	0.832670360467215	0.955188980593969	2
"p.Pro151Ala"	"Missense_Mutation"	0.772507999666531	0.625055158511597	0.919960840821465	2
"p.Pro152Gln"	"Missense_Mutation"	0.755381791400452	0.733124244315858	0.777639338485046	2
"p.Pro152LeufsTer18"	"Frame_Shift_Del"	0.819590005970382	0.788076001633932	0.851104010306832	2
"p.Pro152Ser"	"Missense_Mutation"	0.793945429238549	0.703686789123137	0.884204069353961	2
"p.Pro223Ter"	"Frame_Shift_Del"	0.903891316452315	0.866987133071538	0.940795499833093	2
"p.Pro278LeufsTer67"	"Frame_Shift_Del"	0.768623658587569	0.761755614187575	0.775491702987563	2
"p.Pro27Ser"	"Missense_Mutation"	0.546132505486476	0.495286274542067	0.596978736430885	2
"p.Pro58GlnfsTer65"	"Frame_Shift_Del"	0.856767293006335	0.816370226651913	0.897164359360757	2
"p.Pro75LeufsTer48"	"Frame_Shift_Del"	0.889490742354168	0.804645460431384	0.974336024276953	2
"p.Ser149PhefsTer32"	"Frame_Shift_Ins"	0.655601573202483	0.494633473077749	0.816569673327218	2
"p.Ser215Arg"	"Missense_Mutation"	0.86861716377056	0.861173061437591	0.876061266103528	2
"p.Ser215Asn"	"Missense_Mutation"	0.72838441518938	0.668684401780514	0.788084428598247	2
"p.Ser240GlyfsTer20"	"Frame_Shift_Del"	0.901797378461584	0.901797378461584	0.901797378461584	2
"p.Ser315LeufsTer30"	"Frame_Shift_Del"	0.915419486191493	0.915419486191493	0.915419486191493	2
"p.Ser90ValfsTer55"	"Frame_Shift_Del"	0.887465922754455	0.887465922754455	0.887465922754455	2
"p.Thr118AspfsTer31"	"Frame_Shift_Ins"	0.941407549415912	0.941293918948736	0.941521179883088	2
"p.Thr118GlnfsTer5"	"Frame_Shift_Del"	0.968037682777287	0.968037682777287	0.968037682777287	2
"p.Thr125Pro"	"Missense_Mutation"	0.867842135824899	0.796632262386489	0.939052009263309	2
"p.Thr155Ile"	"Missense_Mutation"	0.572199525450327	0.397597496908354	0.746801553992301	2
"p.Thr253Ala"	"Missense_Mutation"	0.853954805705014	0.775191510532849	0.932718100877178	2
"p.Thr304IlefsTer41"	"Frame_Shift_Del"	0.524830800842632	0.524830800842632	0.524830800842632	2
"p.Thr329HisfsTer8"	"Frame_Shift_Ins"	0.896436856332418	0.8647611385506	0.928112574114237	2
"p.Tyr103ThrfsTer20"	"Frame_Shift_Del"	0.831930835959197	0.783469526545479	0.880392145372915	2
"p.Tyr126Ser"	"Missense_Mutation"	0.856825603563185	0.834032244098044	0.879618963028326	2
"p.Tyr205Ter"	"Nonsense_Mutation"	0.897910596180744	0.877714109311879	0.918107083049608	2
"p.Tyr220Asp"	"Missense_Mutation"	0.66942305679171	0.468101712962803	0.870744400620617	2
"p.Tyr234His"	"Missense_Mutation"	0.934962652045427	0.928054121526002	0.941871182564853	2
"p.Tyr234Ter"	"Nonsense_Mutation"	0.712787070820764	0.712787070820764	0.712787070820764	2
"p.Tyr327Ter"	"Nonsense_Mutation"	0.868739324316852	0.79909316519187	0.938385483441834	2
"p.Val122CysfsTer27"	"Frame_Shift_Ins"	0.891486803022329	0.870798608522123	0.912174997522534	2
"p.Val143Ala"	"Missense_Mutation"	0.823538604924274	0.795897152108753	0.851180057739794	2
"p.Val143Gly"	"Missense_Mutation"	0.885760225051567	0.8554745622683	0.916045887834834	2
"p.Val157Gly"	"Missense_Mutation"	0.671650602418979	0.415668150462206	0.927633054375751	2
"p.Val157Leu"	"Missense_Mutation"	0.762149960228811	0.589646129934674	0.934653790522948	2
"p.Val172Asp"	"Missense_Mutation"	0.860095111743271	0.826436157559858	0.893754065926684	2
"p.Val173GlufsTer7"	"Frame_Shift_Del"	0.933826952848777	0.933826952848777	0.933826952848777	2
"p.Val173Gly"	"Missense_Mutation"	0.886339003088096	0.872094251193876	0.900583754982315	2
"p.Val197Leu"	"Missense_Mutation"	0.687868621540196	0.644121990871824	0.731615252208568	2
"p.Val216Glu"	"Missense_Mutation"	0.83165225189907	0.78394276736997	0.87936173642817	2
"p.Val272Gly"	"Missense_Mutation"	0.924610396896844	0.909319595320776	0.939901198472911	2
"p.Val73TrpfsTer50"	"Frame_Shift_Del"	0.817400269399759	0.709134376361896	0.925666162437622	2
"p.Val97SerfsTer26"	"Frame_Shift_Del"	0.618633477200494	0.466260477766232	0.771006476634756	2
"."	"5'UTR"	0.983763277823929	0.983763277823929	0.983763277823929	1
"p.Ala138_Pro142del"	"In_Frame_Del"	0.919366092237619	0.919366092237619	0.919366092237619	1
"p.Ala138Thr"	"Missense_Mutation"	0.309333336995729	0.309333336995729	0.309333336995729	1
"p.Ala159GlyfsTer20"	"Frame_Shift_Del"	0.549367793908803	0.549367793908803	0.549367793908803	1
"p.Ala161_Ile162del"	"In_Frame_Del"	0.881057366124041	0.881057366124041	0.881057366124041	1
"p.Ala161GlyfsTer3"	"Frame_Shift_Del"	0.875021322780834	0.875021322780834	0.875021322780834	1
"p.Ala161Pro"	"Missense_Mutation"	0.894232807144562	0.894232807144562	0.894232807144562	1
"p.Ala189AspfsTer14"	"Frame_Shift_Del"	0.854833223360081	0.854833223360081	0.854833223360081	1
"p.Ala276LeufsTer29"	"Frame_Shift_Del"	0.658925586287356	0.658925586287356	0.658925586287356	1
"p.Ala276LeufsTer31"	"Frame_Shift_Ins"	0.599405654852318	0.599405654852318	0.599405654852318	1
"p.Ala276Pro"	"Missense_Mutation"	0.949250407538715	0.949250407538715	0.949250407538715	1
"p.Ala307ThrfsTer29"	"Frame_Shift_Del"	0.94839211439788	0.94839211439788	0.94839211439788	1
"p.Ala355Thr"	"Missense_Mutation"	0.649121845234002	0.649121845234002	0.649121845234002	1
"p.Ala69GlyfsTer80"	"Frame_Shift_Ins"	0.894886837157895	0.894886837157895	0.894886837157895	1
"p.Ala76HisfsTer47"	"Frame_Shift_Del"	0.906045268360556	0.906045268360556	0.906045268360556	1
"p.Ala79ProfsTer70"	"Frame_Shift_Ins"	0.840551048721925	0.840551048721925	0.840551048721925	1
"p.Ala79Val"	"Missense_Mutation"	0.940514507540936	0.940514507540936	0.940514507540936	1
"p.Ala83GlyfsTer66"	"Frame_Shift_Ins"	0.93590345779738	0.93590345779738	0.93590345779738	1
"p.Ala86CysfsTer63"	"Frame_Shift_Ins"	0.982190453918737	0.982190453918737	0.982190453918737	1
"p.Ala86ValfsTer55"	"Frame_Shift_Del"	0.441413129507557	0.441413129507557	0.441413129507557	1
"p.Arg110_Gly112del"	"In_Frame_Del"	0.920571808106279	0.920571808106279	0.920571808106279	1
"p.Arg110Cys"	"Missense_Mutation"	0.610403278423853	0.610403278423853	0.610403278423853	1
"p.Arg110del"	"In_Frame_Del"	0.845876810742224	0.845876810742224	0.845876810742224	1
"p.Arg156AlafsTer12"	"Frame_Shift_Del"	0.782202302956465	0.782202302956465	0.782202302956465	1
"p.Arg156del"	"In_Frame_Del"	0.89956186083302	0.89956186083302	0.89956186083302	1
"p.Arg156Gly"	"Missense_Mutation"	0.631247853987941	0.631247853987941	0.631247853987941	1
"p.Arg156His"	"Missense_Mutation"	0.607598452400961	0.607598452400961	0.607598452400961	1
"p.Arg156HisfsTer26"	"Frame_Shift_Ins"	0.941028462521316	0.941028462521316	0.941028462521316	1
"p.Arg156ProfsTer13"	"Frame_Shift_Del"	0.860247222719789	0.860247222719789	0.860247222719789	1
"p.Arg158Pro"	"Missense_Mutation"	0.903337455145685	0.903337455145685	0.903337455145685	1
"p.Arg175Cys"	"Missense_Mutation"	0.917115201075784	0.917115201075784	0.917115201075784	1
"p.Arg175Leu"	"Missense_Mutation"	0.666165925681502	0.666165925681502	0.666165925681502	1
"p.Arg181Cys"	"Missense_Mutation"	0.190009731386072	0.190009731386072	0.190009731386072	1
"p.Arg181Pro"	"Missense_Mutation"	0.760514492230897	0.760514492230897	0.760514492230897	1
"p.Arg202_Leu206del"	"In_Frame_Del"	0.799248183427524	0.799248183427524	0.799248183427524	1
"p.Arg209Lys"	"Missense_Mutation"	0.943918272426169	0.943918272426169	0.943918272426169	1
"p.Arg213Gly"	"Missense_Mutation"	0.52312429112053	0.52312429112053	0.52312429112053	1
"p.Arg213Pro"	"Missense_Mutation"	0.697349658235581	0.697349658235581	0.697349658235581	1
"p.Arg248Gly"	"Missense_Mutation"	0.777861543664091	0.777861543664091	0.777861543664091	1
"p.Arg248HisfsTer13"	"Frame_Shift_Del"	0.630997067726704	0.630997067726704	0.630997067726704	1
"p.Arg249GlyfsTer96"	"Frame_Shift_Del"	0.906584044490983	0.906584044490983	0.906584044490983	1
"p.Arg249PhefsTer96"	"Frame_Shift_Del"	0.812286539395895	0.812286539395895	0.812286539395895	1
"p.Arg249Thr"	"Missense_Mutation"	0.791726538975238	0.791726538975238	0.791726538975238	1
"p.Arg267Gln"	"Missense_Mutation"	0.607598452400961	0.607598452400961	0.607598452400961	1
"p.Arg273Gly"	"Missense_Mutation"	0.750787458379504	0.750787458379504	0.750787458379504	1
"p.Arg273LeufsTer72"	"Frame_Shift_Del"	0.771707029828456	0.771707029828456	0.771707029828456	1
"p.Arg280GlufsTer65"	"Frame_Shift_Del"	0.881465538311115	0.881465538311115	0.881465538311115	1
"p.Arg280LysfsTer59"	"Frame_Shift_Del"	0.900647941428689	0.900647941428689	0.900647941428689	1
"p.Arg280Ter"	"Nonsense_Mutation"	0.715730972038162	0.715730972038162	0.715730972038162	1
"p.Arg282_Arg283del"	"In_Frame_Del"	0.848513909200458	0.848513909200458	0.848513909200458	1
"p.Arg282Gln"	"Missense_Mutation"	0.9003706534826	0.9003706534826	0.9003706534826	1
"p.Arg282GlyfsTer63"	"Frame_Shift_Del"	0.824150621110836	0.824150621110836	0.824150621110836	1
"p.Arg283AlafsTer62"	"Frame_Shift_Del"	0.943111699551213	0.943111699551213	0.943111699551213	1
"p.Arg283His"	"Missense_Mutation"	0.539973510108194	0.539973510108194	0.539973510108194	1
"p.Arg290SerfsTer56"	"Frame_Shift_Ins"	0.765315149526549	0.765315149526549	0.765315149526549	1
"p.Arg306AlafsTer31"	"Frame_Shift_Ins"	0.888431765955884	0.888431765955884	0.888431765955884	1
"p.Arg335GlnfsTer2"	"Frame_Shift_Ins"	0.783341931169184	0.783341931169184	0.783341931169184	1
"p.Arg337Pro"	"Missense_Mutation"	0.846944237580683	0.846944237580683	0.846944237580683	1
"p.Arg342GlufsTer2"	"Frame_Shift_Del"	0.970077498713057	0.970077498713057	0.970077498713057	1
"p.Arg65GlnfsTer84"	"Frame_Shift_Ins"	0.862491293079602	0.862491293079602	0.862491293079602	1
"p.Arg65Ter"	"Nonsense_Mutation"	0.930044347362596	0.930044347362596	0.930044347362596	1
"p.Asn131GlnfsTer17"	"Frame_Shift_Del"	0.948222873832202	0.948222873832202	0.948222873832202	1
"p.Asn131Ser"	"Missense_Mutation"	0.783448328672694	0.783448328672694	0.783448328672694	1
"p.Asn131ThrfsTer39"	"Frame_Shift_Del"	0.808921316469858	0.808921316469858	0.808921316469858	1
"p.Asn210ThrfsTer37"	"Frame_Shift_Del"	0.959124865037458	0.959124865037458	0.959124865037458	1
"p.Asn239_Ser240del"	"In_Frame_Del"	0.879176463054681	0.879176463054681	0.879176463054681	1
"p.Asn239_Ser241del"	"In_Frame_Del"	0.823707232767025	0.823707232767025	0.823707232767025	1
"p.Asn247Ile"	"Missense_Mutation"	0.616668052158	0.616668052158	0.616668052158	1
"p.Asn263IlefsTer82"	"Frame_Shift_Del"	0.854338770817766	0.854338770817766	0.854338770817766	1
"p.Asn263LysfsTer9"	"Frame_Shift_Ins"	0.921539678052714	0.921539678052714	0.921539678052714	1
"p.Asn263SerfsTer8"	"Frame_Shift_Del"	0.930218314340414	0.930218314340414	0.930218314340414	1
"p.Asn268LysfsTer77"	"Frame_Shift_Del"	0.784029065402992	0.784029065402992	0.784029065402992	1
"p.Asn268Ter"	"Frame_Shift_Del"	0.850264646617628	0.850264646617628	0.850264646617628	1
"p.Asn288GlufsTer18"	"Frame_Shift_Ins"	0.884984844552313	0.884984844552313	0.884984844552313	1
"p.Asn288LysfsTer59"	"Frame_Shift_Ins"	0.794063459338935	0.794063459338935	0.794063459338935	1
"p.Asn30del"	"In_Frame_Del"	0.466750481403865	0.466750481403865	0.466750481403865	1
"p.Asn310ThrfsTer35"	"Frame_Shift_Del"	0.758291128944256	0.758291128944256	0.758291128944256	1
"p.Asn345Asp"	"Missense_Mutation"	0.63545476590788	0.63545476590788	0.63545476590788	1
"p.Asn345SerfsTer2"	"Nonsense_Mutation"	0.972529653185023	0.972529653185023	0.972529653185023	1
"p.Asp148Asn"	"Missense_Mutation"	0.856919356031963	0.856919356031963	0.856919356031963	1
"p.Asp148IlefsTer22"	"Frame_Shift_Del"	0.682371847345913	0.682371847345913	0.682371847345913	1
"p.Asp184AlafsTer62"	"Frame_Shift_Del"	0.923550225604534	0.923550225604534	0.923550225604534	1
"p.Asp186ValfsTer61"	"Frame_Shift_Del"	0.754689512889968	0.754689512889968	0.754689512889968	1
"p.Asp207MetfsTer40"	"Frame_Shift_Del"	0.9282711114928	0.9282711114928	0.9282711114928	1
"p.Asp207PhefsTer35"	"Frame_Shift_Del"	0.776576202997309	0.776576202997309	0.776576202997309	1
"p.Asp208Asn"	"Missense_Mutation"	0.734403965324078	0.734403965324078	0.734403965324078	1
"p.Asp208Val"	"Missense_Mutation"	0.451998706029689	0.451998706029689	0.451998706029689	1
"p.Asp228Asn"	"Missense_Mutation"	0.85496872681473	0.85496872681473	0.85496872681473	1
"p.Asp228Glu"	"Missense_Mutation"	0.853500526426265	0.853500526426265	0.853500526426265	1
"p.Asp228ValfsTer18"	"Frame_Shift_Del"	0.641128089183496	0.641128089183496	0.641128089183496	1
"p.Asp259Asn"	"Missense_Mutation"	0.366343585539706	0.366343585539706	0.366343585539706	1
"p.Asp259GlufsTer86"	"Frame_Shift_Del"	0.750511987590718	0.750511987590718	0.750511987590718	1
"p.Asp281AlafsTer62"	"Frame_Shift_Del"	0.658316552893532	0.658316552893532	0.658316552893532	1
"p.Asp281AlafsTer64"	"Frame_Shift_Del"	0.168672699837239	0.168672699837239	0.168672699837239	1
"p.Asp281Asn"	"Missense_Mutation"	0.859407879431013	0.859407879431013	0.859407879431013	1
"p.Asp281GlufsTer26"	"Frame_Shift_Ins"	0.50840918904815	0.50840918904815	0.50840918904815	1
"p.Asp281GlyfsTer63"	"Frame_Shift_Del"	0.899267588154929	0.899267588154929	0.899267588154929	1
"p.Asp42IlefsTer2"	"Frame_Shift_Del"	0.984243059469361	0.984243059469361	0.984243059469361	1
"p.Asp48AsnfsTer72"	"Frame_Shift_Del"	0.715136241540671	0.715136241540671	0.715136241540671	1
"p.Asp48GlyfsTer4"	"Frame_Shift_Ins"	0.749724723690954	0.749724723690954	0.749724723690954	1
"p.Asp48ThrfsTer75"	"Frame_Shift_Del"	0.919924216597891	0.919924216597891	0.919924216597891	1
"p.Asp49SerfsTer69"	"Frame_Shift_Del"	0.919745749752852	0.919745749752852	0.919745749752852	1
"p.Asp57Asn"	"Missense_Mutation"	0.9366223106588	0.9366223106588	0.9366223106588	1
"p.Asp57LysfsTer67"	"Frame_Shift_Ins"	0.779958192480414	0.779958192480414	0.779958192480414	1
"p.Asp61Ter"	"Frame_Shift_Del"	0.921873291207387	0.921873291207387	0.921873291207387	1
"p.Cys124Gly"	"Missense_Mutation"	0.899043461772004	0.899043461772004	0.899043461772004	1
"p.Cys124TrpfsTer25"	"Frame_Shift_Ins"	0.751550785370293	0.751550785370293	0.751550785370293	1
"p.Cys135LeufsTer14"	"Frame_Shift_Ins"	0.834414683695812	0.834414683695812	0.834414683695812	1
"p.Cys141Ser"	"Missense_Mutation"	0.781771406863245	0.781771406863245	0.781771406863245	1
"p.Cys141Ter"	"Nonsense_Mutation"	0.914861218085211	0.914861218085211	0.914861218085211	1
"p.Cys176dup"	"In_Frame_Ins"	0.87445519594945	0.87445519594945	0.87445519594945	1
"p.Cys176SerfsTer71"	"Frame_Shift_Del"	0.868101730187907	0.868101730187907	0.868101730187907	1
"p.Cys229_Ile232del"	"In_Frame_Del"	0.845695159889782	0.845695159889782	0.845695159889782	1
"p.Cys229LeufsTer18"	"Frame_Shift_Del"	0.89833896112437	0.89833896112437	0.89833896112437	1
"p.Cys229Ter"	"Nonsense_Mutation"	0.397167502347005	0.397167502347005	0.397167502347005	1
"p.Cys238_Asn239delinsTyr"	"In_Frame_Del"	0.957684351552672	0.957684351552672	0.957684351552672	1
"p.Cys238_Met243del"	"In_Frame_Del"	0.918541895499662	0.918541895499662	0.918541895499662	1
"p.Cys238Gly"	"Missense_Mutation"	0.911718949159591	0.911718949159591	0.911718949159591	1
"p.Cys238LeufsTer9"	"Frame_Shift_Del"	0.947330776087376	0.947330776087376	0.947330776087376	1
"p.Cys238Ter"	"Frame_Shift_Del"	0.965230440865206	0.965230440865206	0.965230440865206	1
"p.Cys238Trp"	"Missense_Mutation"	0.665500047727299	0.665500047727299	0.665500047727299	1
"p.Cys242Ter"	"Nonsense_Mutation"	0.702558194187691	0.702558194187691	0.702558194187691	1
"p.Cys275_Arg282delinsTrp"	"In_Frame_Del"	0.857084609739927	0.857084609739927	0.857084609739927	1
"p.Cys275Gly"	"Missense_Mutation"	0.781864308848062	0.781864308848062	0.781864308848062	1
"p.Cys275LeufsTer67"	"Frame_Shift_Del"	0.950066750783005	0.950066750783005	0.950066750783005	1
"p.Cys275LeufsTer70"	"Frame_Shift_Del"	0.906426007101579	0.906426007101579	0.906426007101579	1
"p.Cys275Ter"	"Nonsense_Mutation"	0.865847599094167	0.865847599094167	0.865847599094167	1
"p.Cys275Trp"	"Missense_Mutation"	0.951367326556614	0.951367326556614	0.951367326556614	1
"p.Cys275ValfsTer70"	"Frame_Shift_Del"	0.89765901771685	0.89765901771685	0.89765901771685	1
"p.Cys277dup"	"In_Frame_Ins"	0.94063014076473	0.94063014076473	0.94063014076473	1
"p.Cys277Gly"	"Missense_Mutation"	0.870850673740912	0.870850673740912	0.870850673740912	1
"p.Cys277Trp"	"Missense_Mutation"	0.589296011654299	0.589296011654299	0.589296011654299	1
"p.Cys277Tyr"	"Missense_Mutation"	0.916311304562409	0.916311304562409	0.916311304562409	1
"p.Gln100GlyfsTer37"	"Frame_Shift_Del"	0.847070925210065	0.847070925210065	0.847070925210065	1
"p.Gln104ThrfsTer20"	"Frame_Shift_Ins"	0.839801275736297	0.839801275736297	0.839801275736297	1
"p.Gln136del"	"In_Frame_Del"	0.907011484393398	0.907011484393398	0.907011484393398	1
"p.Gln136His"	"Missense_Mutation"	0.882201996266429	0.882201996266429	0.882201996266429	1
"p.Gln144_Leu145dup"	"In_Frame_Ins"	0.931496003309386	0.931496003309386	0.931496003309386	1
"p.Gln144GlyfsTer24"	"Frame_Shift_Del"	0.664256799120097	0.664256799120097	0.664256799120097	1
"p.Gln144His"	"Missense_Mutation"	0.477783284600327	0.477783284600327	0.477783284600327	1
"p.Gln144Leu"	"Missense_Mutation"	0.8144568977801	0.8144568977801	0.8144568977801	1
"p.Gln144LeufsTer5"	"Frame_Shift_Ins"	0.96317071501443	0.96317071501443	0.96317071501443	1
"p.Gln144Pro"	"Missense_Mutation"	0.830081095129243	0.830081095129243	0.830081095129243	1
"p.Gln144ThrfsTer5"	"Frame_Shift_Ins"	0.923721926153817	0.923721926153817	0.923721926153817	1
"p.Gln165AlafsTer6"	"Frame_Shift_Del"	0.811612290305627	0.811612290305627	0.811612290305627	1
"p.Gln165HisfsTer17"	"Frame_Shift_Ins"	0.436861774677194	0.436861774677194	0.436861774677194	1
"p.Gln167HisfsTer3"	"Frame_Shift_Del"	0.765443545962038	0.765443545962038	0.765443545962038	1
"p.Gln167ThrfsTer14"	"Frame_Shift_Ins"	0.92216405435528	0.92216405435528	0.92216405435528	1
"p.Gln192_His193del"	"In_Frame_Del"	0.80876448760966	0.80876448760966	0.80876448760966	1
"p.Gln192Arg"	"Missense_Mutation"	0.680879266009416	0.680879266009416	0.680879266009416	1
"p.Gln192del"	"In_Frame_Del"	0.640142868948485	0.640142868948485	0.640142868948485	1
"p.Gln317AlafsTer19"	"Frame_Shift_Del"	0.726946864305581	0.726946864305581	0.726946864305581	1
"p.Gln317ProfsTer20"	"Frame_Shift_Ins"	0.818238857858089	0.818238857858089	0.818238857858089	1
"p.Gln331SerfsTer6"	"Frame_Shift_Ins"	0.919150980503388	0.919150980503388	0.919150980503388	1
"p.Gln375Ter"	"Nonsense_Mutation"	0.156566786859647	0.156566786859647	0.156566786859647	1
"p.Glu171ArgfsTer3"	"Frame_Shift_Del"	0.671864566631954	0.671864566631954	0.671864566631954	1
"p.Glu171GlyfsTer3"	"Frame_Shift_Del"	0.896380973553175	0.896380973553175	0.896380973553175	1
"p.Glu171LeufsTer2"	"Frame_Shift_Del"	0.927659344669311	0.927659344669311	0.927659344669311	1
"p.Glu180_Asp184del"	"In_Frame_Del"	0.679889849694097	0.679889849694097	0.679889849694097	1
"p.Glu180_Ser185del"	"In_Frame_Del"	0.912684541211969	0.912684541211969	0.912684541211969	1
"p.Glu198GlyfsTer11"	"Frame_Shift_Ins"	0.922309963691665	0.922309963691665	0.922309963691665	1
"p.Glu204Asp"	"Missense_Mutation"	0.921873291207387	0.921873291207387	0.921873291207387	1
"p.Glu204Gln"	"Missense_Mutation"	0.856919356031963	0.856919356031963	0.856919356031963	1
"p.Glu204SerfsTer43"	"Frame_Shift_Del"	0.956748249110312	0.956748249110312	0.956748249110312	1
"p.Glu204ValfsTer4"	"Frame_Shift_Del"	0.713932198181265	0.713932198181265	0.713932198181265	1
"p.Glu221AlafsTer2"	"Frame_Shift_Del"	0.795264273956707	0.795264273956707	0.795264273956707	1
"p.Glu224GlyfsTer4"	"Frame_Shift_Del"	0.722589233940023	0.722589233940023	0.722589233940023	1
"p.Glu224Ter"	"Frame_Shift_Ins"	0.955597657616935	0.955597657616935	0.955597657616935	1
"p.Glu258Ala"	"Missense_Mutation"	0.776120363115588	0.776120363115588	0.776120363115588	1
"p.Glu258GlnfsTer3"	"Frame_Shift_Del"	0.862938843343936	0.862938843343936	0.862938843343936	1
"p.Glu258Gly"	"Missense_Mutation"	0.931024196491386	0.931024196491386	0.931024196491386	1
"p.Glu271Ter"	"Frame_Shift_Ins"	0.916380043566364	0.916380043566364	0.916380043566364	1
"p.Glu285ArgfsTer54"	"Frame_Shift_Del"	0.78651530326332	0.78651530326332	0.78651530326332	1
"p.Glu285Gln"	"Missense_Mutation"	0.739498439490357	0.739498439490357	0.739498439490357	1
"p.Glu286Val"	"Missense_Mutation"	0.901652922289026	0.901652922289026	0.901652922289026	1
"p.Glu287Gln"	"Missense_Mutation"	0.663508696974191	0.663508696974191	0.663508696974191	1
"p.Glu287ProfsTer9"	"Frame_Shift_Del"	0.729611922049406	0.729611922049406	0.729611922049406	1
"p.Glu336_Arg337del"	"In_Frame_Del"	0.770989754798749	0.770989754798749	0.770989754798749	1
"p.Glu336AlafsTer10"	"Frame_Shift_Del"	0.800033338775662	0.800033338775662	0.800033338775662	1
"p.Glu339AlafsTer8"	"Frame_Shift_Ins"	0.0537062408536026	0.0537062408536026	0.0537062408536026	1
"p.Glu346Ter"	"Frame_Shift_Ins"	0.90809245816254	0.90809245816254	0.90809245816254	1
"p.Glu51GlyfsTer6"	"Frame_Shift_Ins"	0.825568100324427	0.825568100324427	0.825568100324427	1
"p.Glu62Lys"	"Missense_Mutation"	0.909125262350074	0.909125262350074	0.909125262350074	1
"p.Glu62LysfsTer61"	"Frame_Shift_Del"	0.771598468527201	0.771598468527201	0.771598468527201	1
"p.Gly105Arg"	"Missense_Mutation"	0.674920228951285	0.674920228951285	0.674920228951285	1
"p.Gly105Ser"	"Missense_Mutation"	0.854472610295573	0.854472610295573	0.854472610295573	1
"p.Gly108PhefsTer40"	"Frame_Shift_Del"	0.984079273763391	0.984079273763391	0.984079273763391	1
"p.Gly154ArgfsTer27"	"Frame_Shift_Ins"	0.937990762016768	0.937990762016768	0.937990762016768	1
"p.Gly154TrpfsTer10"	"Frame_Shift_Del"	0.737495033804478	0.737495033804478	0.737495033804478	1
"p.Gly187Ser"	"Missense_Mutation"	0.43280404518994	0.43280404518994	0.43280404518994	1
"p.Gly199GlufsTer48"	"Frame_Shift_Del"	0.89480411883594	0.89480411883594	0.89480411883594	1
"p.Gly199IlefsTer47"	"Frame_Shift_Del"	0.948885747628459	0.948885747628459	0.948885747628459	1
"p.Gly226AlafsTer21"	"Frame_Shift_Del"	0.93169508154417	0.93169508154417	0.93169508154417	1
"p.Gly244AlafsTer3"	"Frame_Shift_Del"	0.947303564679684	0.947303564679684	0.947303564679684	1
"p.Gly244Arg"	"Missense_Mutation"	0.879763592642485	0.879763592642485	0.879763592642485	1
"p.Gly244Ter"	"Frame_Shift_Del"	0.851981913171112	0.851981913171112	0.851981913171112	1
"p.Gly262del"	"In_Frame_Del"	0.731288007532556	0.731288007532556	0.731288007532556	1
"p.Gly279Arg"	"Missense_Mutation"	0.618218314260818	0.618218314260818	0.618218314260818	1
"p.Gly279ProfsTer69"	"Frame_Shift_Ins"	0.895290305319759	0.895290305319759	0.895290305319759	1
"p.Gly302GlufsTer3"	"Frame_Shift_Del"	0.939359362480327	0.939359362480327	0.939359362480327	1
"p.Gly325Ter"	"Nonsense_Mutation"	0.834784338039048	0.834784338039048	0.834784338039048	1
"p.His115IlefsTer8"	"Frame_Shift_Del"	0.951971856032449	0.951971856032449	0.951971856032449	1
"p.His168Arg"	"Missense_Mutation"	0.926309670560817	0.926309670560817	0.926309670560817	1
"p.His168CysfsTer8"	"Frame_Shift_Del"	0.587028113498123	0.587028113498123	0.587028113498123	1
"p.His168Pro"	"Missense_Mutation"	0.926584413682853	0.926584413682853	0.926584413682853	1
"p.His178_Ser183del"	"In_Frame_Del"	0.927476721299706	0.927476721299706	0.927476721299706	1
"p.His178Asp"	"Missense_Mutation"	0.759383615396423	0.759383615396423	0.759383615396423	1
"p.His178Gln"	"Missense_Mutation"	0.645958279579843	0.645958279579843	0.645958279579843	1
"p.His178GlnfsTer3"	"Frame_Shift_Ins"	0.716442853130438	0.716442853130438	0.716442853130438	1
"p.His178ProfsTer70"	"Frame_Shift_Ins"	0.786140051939329	0.786140051939329	0.786140051939329	1
"p.His178SerfsTer69"	"Frame_Shift_Del"	0.933065902362576	0.933065902362576	0.933065902362576	1
"p.His179Pro"	"Missense_Mutation"	0.888321697863801	0.888321697863801	0.888321697863801	1
"p.His193Asp"	"Missense_Mutation"	0.977419616965939	0.977419616965939	0.977419616965939	1
"p.His214GlnfsTer33"	"Frame_Shift_Del"	0.883013935057084	0.883013935057084	0.883013935057084	1
"p.His214Leu"	"Missense_Mutation"	0.428731999076403	0.428731999076403	0.428731999076403	1
"p.His296ThrfsTer49"	"Frame_Shift_Del"	0.929702274783022	0.929702274783022	0.929702274783022	1
"p.His297ProfsTer48"	"Frame_Shift_Del"	0.84308015070707	0.84308015070707	0.84308015070707	1
"p.His297ThrfsTer48"	"Frame_Shift_Del"	0.94906023396924	0.94906023396924	0.94906023396924	1
"p.Ile162_Tyr163delinsAsn"	"In_Frame_Del"	0.649011609882962	0.649011609882962	0.649011609882962	1
"p.Ile162Asn"	"Missense_Mutation"	0.701750866638909	0.701750866638909	0.701750866638909	1
"p.Ile162dup"	"In_Frame_Ins"	0.973112922209068	0.973112922209068	0.973112922209068	1
"p.Ile162HisfsTer12"	"Frame_Shift_Del"	0.860401697152509	0.860401697152509	0.860401697152509	1
"p.Ile162ThrfsTer8"	"Frame_Shift_Del"	0.948589395233934	0.948589395233934	0.948589395233934	1
"p.Ile162TrpfsTer10"	"Frame_Shift_Ins"	0.923303304717227	0.923303304717227	0.923303304717227	1
"p.Ile195Met"	"Missense_Mutation"	0.498919449786401	0.498919449786401	0.498919449786401	1
"p.Ile195SerfsTer52"	"Frame_Shift_Del"	0.744398679558399	0.744398679558399	0.744398679558399	1
"p.Ile195TyrfsTer14"	"Frame_Shift_Ins"	0.818871425082721	0.818871425082721	0.818871425082721	1
"p.Ile251Asn"	"Missense_Mutation"	0.933951848239366	0.933951848239366	0.933951848239366	1
"p.Ile251Phe"	"Missense_Mutation"	0.942870883728984	0.942870883728984	0.942870883728984	1
"p.Ile251Ser"	"Missense_Mutation"	0.909968747017171	0.909968747017171	0.909968747017171	1
"p.Ile255Asn"	"Missense_Mutation"	0.468176814922023	0.468176814922023	0.468176814922023	1
"p.Ile255Ser"	"Missense_Mutation"	0.635974503095071	0.635974503095071	0.635974503095071	1
"p.Ile255Thr"	"Missense_Mutation"	0.795459794302926	0.795459794302926	0.795459794302926	1
"p.Ile332Phe"	"Missense_Mutation"	0.327497217790642	0.327497217790642	0.327497217790642	1
"p.Leu114Ter"	"Nonsense_Mutation"	0.818346672564171	0.818346672564171	0.818346672564171	1
"p.Leu130Arg"	"Missense_Mutation"	0.82482713991963	0.82482713991963	0.82482713991963	1
"p.Leu130CysfsTer20"	"Frame_Shift_Ins"	0.902131976565556	0.902131976565556	0.902131976565556	1
"p.Leu130Pro"	"Missense_Mutation"	0.22551123725454	0.22551123725454	0.22551123725454	1
"p.Leu137Gln"	"Missense_Mutation"	0.978634018481172	0.978634018481172	0.978634018481172	1
"p.Leu137ProfsTer32"	"Frame_Shift_Del"	0.778916632989586	0.778916632989586	0.778916632989586	1
"p.Leu188GlyfsTer20"	"Frame_Shift_Del"	0.7626854956659	0.7626854956659	0.7626854956659	1
"p.Leu188ThrfsTer21"	"Frame_Shift_Ins"	0.882183350960011	0.882183350960011	0.882183350960011	1
"p.Leu194ProfsTer13"	"Frame_Shift_Del"	0.684612546291327	0.684612546291327	0.684612546291327	1
"p.Leu201PhefsTer8"	"Frame_Shift_Ins"	0.900102382923683	0.900102382923683	0.900102382923683	1
"p.Leu206TrpfsTer41"	"Frame_Shift_Del"	0.80839122970291	0.80839122970291	0.80839122970291	1
"p.Leu22TyrfsTer22"	"Frame_Shift_Del"	0.876998604490306	0.876998604490306	0.876998604490306	1
"p.Leu252_Ile254del"	"In_Frame_Del"	0.931629946759946	0.931629946759946	0.931629946759946	1
"p.Leu252_Thr253delinsPro"	"In_Frame_Del"	0.952798713655778	0.952798713655778	0.952798713655778	1
"p.Leu252Pro"	"Missense_Mutation"	0.699653246352118	0.699653246352118	0.699653246352118	1
"p.Leu257Arg"	"Missense_Mutation"	0.479691260513087	0.479691260513087	0.479691260513087	1
"p.Leu257Pro"	"Missense_Mutation"	0.639324833709537	0.639324833709537	0.639324833709537	1
"p.Leu257ProfsTer7"	"Frame_Shift_Ins"	0.698472196312708	0.698472196312708	0.698472196312708	1
"p.Leu264TyrfsTer81"	"Frame_Shift_Del"	0.822688930499695	0.822688930499695	0.822688930499695	1
"p.Leu265ThrfsTer7"	"Frame_Shift_Ins"	0.982670835314934	0.982670835314934	0.982670835314934	1
"p.Leu289Phe"	"Missense_Mutation"	0.860712789284518	0.860712789284518	0.860712789284518	1
"p.Leu299AlafsTer7"	"Frame_Shift_Ins"	0.940458744540253	0.940458744540253	0.940458744540253	1
"p.Leu308AlafsTer28"	"Frame_Shift_Del"	0.466737847641538	0.466737847641538	0.466737847641538	1
"p.Leu308GlnfsTer27"	"Frame_Shift_Del"	0.827913502285928	0.827913502285928	0.827913502285928	1
"p.Leu32CysfsTer12"	"Frame_Shift_Del"	0.850571407887116	0.850571407887116	0.850571407887116	1
"p.Leu330PhefsTer15"	"Frame_Shift_Del"	0.865687514757815	0.865687514757815	0.865687514757815	1
"p.Leu348Phe"	"Missense_Mutation"	0.953904261825559	0.953904261825559	0.953904261825559	1
"p.Leu348Ser"	"Missense_Mutation"	0.750511987590718	0.750511987590718	0.750511987590718	1
"p.Leu35PhefsTer7"	"Frame_Shift_Del"	0.757987873096528	0.757987873096528	0.757987873096528	1
"p.Leu35ProfsTer10"	"Frame_Shift_Ins"	0.887171153276617	0.887171153276617	0.887171153276617	1
"p.Leu383CysfsTer38"	"Frame_Shift_Del"	0.702358412727169	0.702358412727169	0.702358412727169	1
"p.Leu93ValfsTer55"	"Frame_Shift_Del"	0.703931092780679	0.703931092780679	0.703931092780679	1
"p.Lys101Ter"	"Nonsense_Mutation"	0.922857010981464	0.922857010981464	0.922857010981464	1
"p.Lys120ThrfsTer2"	"Nonsense_Mutation"	0.886446811830871	0.886446811830871	0.886446811830871	1
"p.Lys132Gln"	"Missense_Mutation"	0.851658677889664	0.851658677889664	0.851658677889664	1
"p.Lys132Met"	"Missense_Mutation"	0.737195801229158	0.737195801229158	0.737195801229158	1
"p.Lys132Thr"	"Missense_Mutation"	0.872421002611504	0.872421002611504	0.872421002611504	1
"p.Lys139_Pro142del"	"In_Frame_Del"	0.612976039038716	0.612976039038716	0.612976039038716	1
"p.Lys139_Pro142delinsThr"	"In_Frame_Del"	0.833156539101863	0.833156539101863	0.833156539101863	1
"p.Lys139AlafsTer5"	"Frame_Shift_Del"	0.914911550026026	0.914911550026026	0.914911550026026	1
"p.Lys139AsnfsTer9"	"Frame_Shift_Del"	0.776619845792703	0.776619845792703	0.776619845792703	1
"p.Lys139CysfsTer6"	"Frame_Shift_Del"	0.880305913405177	0.880305913405177	0.880305913405177	1
"p.Lys164Glu"	"Missense_Mutation"	0.894814203987663	0.894814203987663	0.894814203987663	1
"p.Lys164SerfsTer5"	"Frame_Shift_Del"	0.812447675284168	0.812447675284168	0.812447675284168	1
"p.Lys164SerfsTer6"	"Frame_Shift_Del"	0.894676499271291	0.894676499271291	0.894676499271291	1
"p.Lys291SerfsTer51"	"Frame_Shift_Del"	0.849632664497648	0.849632664497648	0.849632664497648	1
"p.Lys292GlyfsTer52"	"Frame_Shift_Del"	0.967952898305858	0.967952898305858	0.967952898305858	1
"p.Lys305GlufsTer39"	"Frame_Shift_Del"	0.765780660194623	0.765780660194623	0.765780660194623	1
"p.Lys319AlafsTer19"	"Frame_Shift_Ins"	0.928616458079934	0.928616458079934	0.928616458079934	1
"p.Lys319Asn"	"Missense_Mutation"	0.417416374616345	0.417416374616345	0.417416374616345	1
"p.Lys319Ter"	"Nonsense_Mutation"	0.79890953511189	0.79890953511189	0.79890953511189	1
"p.Lys320AsnfsTer19"	"Frame_Shift_Del"	0.685800255444442	0.685800255444442	0.685800255444442	1
"p.Lys320Glu"	"Missense_Mutation"	0.93712691652617	0.93712691652617	0.93712691652617	1
"p.Lys320GlyfsTer22"	"Frame_Shift_Del"	0.93712691652617	0.93712691652617	0.93712691652617	1
"p.Lys321GlufsTer16"	"Frame_Shift_Ins"	0.908333813655324	0.908333813655324	0.908333813655324	1
"p.Lys321Ter"	"Nonsense_Mutation"	0.846077783635646	0.846077783635646	0.846077783635646	1
"p.Lys351Glu"	"Missense_Mutation"	0.553938123481182	0.553938123481182	0.553938123481182	1
"p.Met133Arg"	"Missense_Mutation"	0.862487590025751	0.862487590025751	0.862487590025751	1
"p.Met160Ile"	"Missense_Mutation"	0.817764944054326	0.817764944054326	0.817764944054326	1
"p.Met237_Asn239del"	"In_Frame_Del"	0.878604243602214	0.878604243602214	0.878604243602214	1
"p.Met237CysfsTer10"	"Frame_Shift_Del"	0.861587381016787	0.861587381016787	0.861587381016787	1
"p.Met237Leu"	"Missense_Mutation"	0.960493652650928	0.960493652650928	0.960493652650928	1
"p.Met243Ile"	"Missense_Mutation"	0.784029065402992	0.784029065402992	0.784029065402992	1
"p.Met246Arg"	"Missense_Mutation"	0.659372187483925	0.659372187483925	0.659372187483925	1
"p.Met246Thr"	"Missense_Mutation"	0.848078192991039	0.848078192991039	0.848078192991039	1
"p.Met44ThrfsTer75"	"Frame_Shift_Del"	0.828189162410325	0.828189162410325	0.828189162410325	1
"p.Met66ThrfsTer60"	"Frame_Shift_Ins"	0.909125262350074	0.909125262350074	0.909125262350074	1
"p.Phe109LeufsTer36"	"Frame_Shift_Del"	0.864391197379714	0.864391197379714	0.864391197379714	1
"p.Phe113Leu"	"Missense_Mutation"	0.659053178808721	0.659053178808721	0.659053178808721	1
"p.Phe134Val"	"Missense_Mutation"	0.903407267530026	0.903407267530026	0.903407267530026	1
"p.Phe270Ile"	"Missense_Mutation"	0.973764367724555	0.973764367724555	0.973764367724555	1
"p.Phe270Leu"	"Missense_Mutation"	0.768345922874876	0.768345922874876	0.768345922874876	1
"p.Phe338Ile"	"Missense_Mutation"	0.428682620990084	0.428682620990084	0.428682620990084	1
"p.Phe341GlufsTer7"	"Frame_Shift_Ins"	0.831991491296154	0.831991491296154	0.831991491296154	1
"p.Phe341Leu"	"Missense_Mutation"	0.625075711927424	0.625075711927424	0.625075711927424	1
"p.Phe341Val"	"Missense_Mutation"	0.542825872987335	0.542825872987335	0.542825872987335	1
"p.Phe54SerfsTer69"	"Frame_Shift_Del"	0.893578487292524	0.893578487292524	0.893578487292524	1
"p.Pro128del"	"In_Frame_Del"	0.9145835584726	0.9145835584726	0.9145835584726	1
"p.Pro142del"	"In_Frame_Del"	0.893210743269221	0.893210743269221	0.893210743269221	1
"p.Pro142Leu"	"Missense_Mutation"	0.446392618664582	0.446392618664582	0.446392618664582	1
"p.Pro142LeufsTer28"	"Frame_Shift_Del"	0.929543080578204	0.929543080578204	0.929543080578204	1
"p.Pro152AlafsTer14"	"Frame_Shift_Del"	0.687379412641962	0.687379412641962	0.687379412641962	1
"p.Pro152TrpfsTer10"	"Frame_Shift_Del"	0.93281302200277	0.93281302200277	0.93281302200277	1
"p.Pro153ArgfsTer18"	"Frame_Shift_Ins"	0.869708678901753	0.869708678901753	0.869708678901753	1
"p.Pro177His"	"Missense_Mutation"	0.608671509494382	0.608671509494382	0.608671509494382	1
"p.Pro177Leu"	"Missense_Mutation"	0.430296865301277	0.430296865301277	0.430296865301277	1
"p.Pro177Ser"	"Missense_Mutation"	0.893305996138629	0.893305996138629	0.893305996138629	1
"p.Pro177Thr"	"Missense_Mutation"	0.779045861408306	0.779045861408306	0.779045861408306	1
"p.Pro190Arg"	"Missense_Mutation"	0.866454045391329	0.866454045391329	0.866454045391329	1
"p.Pro191GlnfsTer51"	"Frame_Shift_Del"	0.960630016433015	0.960630016433015	0.960630016433015	1
"p.Pro219AlafsTer3"	"Frame_Shift_Ins"	0.699169503840521	0.699169503840521	0.699169503840521	1
"p.Pro219LeufsTer2"	"Frame_Shift_Del"	0.636518813253377	0.636518813253377	0.636518813253377	1
"p.Pro219Thr"	"Missense_Mutation"	0.880741777089357	0.880741777089357	0.880741777089357	1
"p.Pro250_Ile251delinsLeu"	"In_Frame_Del"	0.890953814523084	0.890953814523084	0.890953814523084	1
"p.Pro250Arg"	"Missense_Mutation"	0.802117110269889	0.802117110269889	0.802117110269889	1
"p.Pro250HisfsTer13"	"Frame_Shift_Del"	0.93663783056037	0.93663783056037	0.93663783056037	1
"p.Pro278LeufsTer68"	"Frame_Shift_Ins"	0.81859982079427	0.81859982079427	0.81859982079427	1
"p.Pro316SerfsTer21"	"Frame_Shift_Ins"	0.869542720425642	0.869542720425642	0.869542720425642	1
"p.Pro318ThrfsTer15"	"Frame_Shift_Del"	0.946134862914648	0.946134862914648	0.946134862914648	1
"p.Pro322HisfsTer23"	"Frame_Shift_Del"	0.904628201963645	0.904628201963645	0.904628201963645	1
"p.Pro390GlnfsTer32"	"Frame_Shift_Del"	0.853167233759412	0.853167233759412	0.853167233759412	1
"p.Pro47ArgfsTer76"	"Frame_Shift_Del"	0.733654982090995	0.733654982090995	0.733654982090995	1
"p.Pro64GlnfsTer84"	"Frame_Shift_Del"	0.96281990259999	0.96281990259999	0.96281990259999	1
"p.Pro64SerfsTer59"	"Frame_Shift_Del"	0.928585478757141	0.928585478757141	0.928585478757141	1
"p.Pro77CysfsTer73"	"Frame_Shift_Ins"	0.817687255287223	0.817687255287223	0.817687255287223	1
"p.Pro77GlyfsTer65"	"Frame_Shift_Del"	0.964478880133007	0.964478880133007	0.964478880133007	1
"p.Pro77Leu"	"Missense_Mutation"	0.770565135871564	0.770565135871564	0.770565135871564	1
"p.Pro82ArgfsTer41"	"Frame_Shift_Del"	0.693133572574912	0.693133572574912	0.693133572574912	1
"p.Pro85LeufsTer38"	"Frame_Shift_Del"	0.820618263607508	0.820618263607508	0.820618263607508	1
"p.Pro92AlafsTer57"	"Frame_Shift_Ins"	0.971539581455002	0.971539581455002	0.971539581455002	1
"p.Pro98AlafsTer51"	"Frame_Shift_Ins"	0.748953086061203	0.748953086061203	0.748953086061203	1
"p.Ser121CysfsTer27"	"Frame_Shift_Del"	0.893503969967015	0.893503969967015	0.893503969967015	1
"p.Ser121Tyr"	"Missense_Mutation"	0.904442395219432	0.904442395219432	0.904442395219432	1
"p.Ser127Pro"	"Missense_Mutation"	0.949130710199929	0.949130710199929	0.949130710199929	1
"p.Ser127Thr"	"Missense_Mutation"	0.954683619198898	0.954683619198898	0.954683619198898	1
"p.Ser127TyrfsTer43"	"Frame_Shift_Del"	0.855724941188715	0.855724941188715	0.855724941188715	1
"p.Ser149ProfsTer21"	"Frame_Shift_Del"	0.62309060218569	0.62309060218569	0.62309060218569	1
"p.Ser20GlnfsTer24"	"Frame_Shift_Del"	0.543457267963215	0.543457267963215	0.543457267963215	1
"p.Ser20Ter"	"Nonsense_Mutation"	0.91953243541114	0.91953243541114	0.91953243541114	1
"p.Ser215LysfsTer7"	"Frame_Shift_Ins"	0.853143744979546	0.853143744979546	0.853143744979546	1
"p.Ser227Ter"	"Frame_Shift_Del"	0.882949485521078	0.882949485521078	0.882949485521078	1
"p.Ser240Arg"	"Missense_Mutation"	0.814807551285525	0.814807551285525	0.814807551285525	1
"p.Ser240Gly"	"Missense_Mutation"	0.130060342001001	0.130060342001001	0.130060342001001	1
"p.Ser240LysfsTer24"	"Frame_Shift_Ins"	0.660789949344973	0.660789949344973	0.660789949344973	1
"p.Ser241Ala"	"Missense_Mutation"	0.811666600990717	0.811666600990717	0.811666600990717	1
"p.Ser269_Glu271delinsLys"	"In_Frame_Del"	0.892296348820621	0.892296348820621	0.892296348820621	1
"p.Ser269IlefsTer2"	"Frame_Shift_Del"	0.678244101521862	0.678244101521862	0.678244101521862	1
"p.Ser303AlafsTer42"	"Frame_Shift_Del"	0.979684300333483	0.979684300333483	0.979684300333483	1
"p.Ser313AlafsTer32"	"Frame_Shift_Del"	0.87622936182049	0.87622936182049	0.87622936182049	1
"p.Ser313ThrfsTer32"	"Frame_Shift_Del"	0.80917637589574	0.80917637589574	0.80917637589574	1
"p.Ser315Cys"	"Missense_Mutation"	0.347671027076034	0.347671027076034	0.347671027076034	1
"p.Ser33PhefsTer10"	"Frame_Shift_Ins"	0.80842741207775	0.80842741207775	0.80842741207775	1
"p.Ser376Cys"	"Missense_Mutation"	0.396821318417102	0.396821318417102	0.396821318417102	1
"p.Ser37ValfsTer6"	"Frame_Shift_Del"	0.951043830386632	0.951043830386632	0.951043830386632	1
"p.Ser392Thr"	"Frame_Shift_Del"	0.759992742694167	0.759992742694167	0.759992742694167	1
"p.Ser46Ter"	"Frame_Shift_Del"	0.869949136843643	0.869949136843643	0.869949136843643	1
"p.Ser46ThrfsTer5"	"Frame_Shift_Del"	0.783055298246418	0.783055298246418	0.783055298246418	1
"p.Ser90PhefsTer53"	"Frame_Shift_Del"	0.441719757953511	0.441719757953511	0.441719757953511	1
"p.Ser90ProfsTer34"	"Frame_Shift_Ins"	0.956799801138275	0.956799801138275	0.956799801138275	1
"p.Ser94CysfsTer30"	"Frame_Shift_Ins"	0.874063909634567	0.874063909634567	0.874063909634567	1
"p.Ser99ArgfsTer23"	"Frame_Shift_Del"	0.918960318668283	0.918960318668283	0.918960318668283	1
"p.Thr102ProfsTer21"	"Frame_Shift_Del"	0.856899767430353	0.856899767430353	0.856899767430353	1
"p.Thr123ArgfsTer48"	"Frame_Shift_Ins"	0.946869322167974	0.946869322167974	0.946869322167974	1
"p.Thr123AspfsTer26"	"Frame_Shift_Ins"	0.808212826063118	0.808212826063118	0.808212826063118	1
"p.Thr125Met"	"Missense_Mutation"	0.17524920053396	0.17524920053396	0.17524920053396	1
"p.Thr140MetfsTer28"	"Frame_Shift_Del"	0.899258727800495	0.899258727800495	0.899258727800495	1
"p.Thr150AlafsTer16"	"Frame_Shift_Del"	0.874651113456137	0.874651113456137	0.874651113456137	1
"p.Thr155_Ala161del"	"In_Frame_Del"	0.879152336173667	0.879152336173667	0.879152336173667	1
"p.Thr155_Arg156delinsAsn"	"In_Frame_Del"	0.512616062185992	0.512616062185992	0.512616062185992	1
"p.Thr155_Arg158del"	"In_Frame_Del"	0.777506876451047	0.777506876451047	0.777506876451047	1
"p.Thr155_Arg158delinsCys"	"In_Frame_Del"	0.943275291032788	0.943275291032788	0.943275291032788	1
"p.Thr211_His214del"	"In_Frame_Del"	0.95143448010951	0.95143448010951	0.95143448010951	1
"p.Thr211LeufsTer36"	"Frame_Shift_Del"	0.920214760876027	0.920214760876027	0.920214760876027	1
"p.Thr230_Thr231del"	"In_Frame_Del"	0.641667050390841	0.641667050390841	0.641667050390841	1
"p.Thr230HisfsTer9"	"Frame_Shift_Del"	0.901183923225046	0.901183923225046	0.901183923225046	1
"p.Thr230Pro"	"Missense_Mutation"	0.696691563289637	0.696691563289637	0.696691563289637	1
"p.Thr253Asn"	"Missense_Mutation"	0.94146957811853	0.94146957811853	0.94146957811853	1
"p.Thr253dup"	"In_Frame_Ins"	0.827913502285928	0.827913502285928	0.827913502285928	1
"p.Thr253HisfsTer11"	"Frame_Shift_Ins"	0.963168409594283	0.963168409594283	0.963168409594283	1
"p.Thr256AsnfsTer8"	"Frame_Shift_Ins"	0.970337335931029	0.970337335931029	0.970337335931029	1
"p.Thr256HisfsTer8"	"Frame_Shift_Ins"	0.922729126589082	0.922729126589082	0.922729126589082	1
"p.Thr256Ile"	"Missense_Mutation"	0.487294845011047	0.487294845011047	0.487294845011047	1
"p.Thr256IlefsTer90"	"Frame_Shift_Ins"	0.900091771801606	0.900091771801606	0.900091771801606	1
"p.Thr284GlnfsTer61"	"Frame_Shift_Del"	0.807084556030373	0.807084556030373	0.807084556030373	1
"p.Thr284HisfsTer22"	"Frame_Shift_Ins"	0.884251018295548	0.884251018295548	0.884251018295548	1
"p.Thr284LysfsTer61"	"Frame_Shift_Del"	0.89804933944814	0.89804933944814	0.89804933944814	1
"p.Trp146Ser"	"Missense_Mutation"	0.927480017326511	0.927480017326511	0.927480017326511	1
"p.Trp146ValfsTer3"	"Frame_Shift_Ins"	0.710979785162713	0.710979785162713	0.710979785162713	1
"p.Trp23Ter"	"Nonsense_Mutation"	0.714217443258108	0.714217443258108	0.714217443258108	1
"p.Trp53CysfsTer4"	"Frame_Shift_Ins"	0.775520177705667	0.775520177705667	0.775520177705667	1
"p.Trp53MetfsTer4"	"Frame_Shift_Ins"	0.951957856767782	0.951957856767782	0.951957856767782	1
"p.Tyr103LeufsTer46"	"Frame_Shift_Ins"	0.89326225425497	0.89326225425497	0.89326225425497	1
"p.Tyr107CysfsTer16"	"Frame_Shift_Del"	0.960761286655798	0.960761286655798	0.960761286655798	1
"p.Tyr163Asp"	"Missense_Mutation"	0.812410921042175	0.812410921042175	0.812410921042175	1
"p.Tyr163Ter"	"Nonsense_Mutation"	0.902296545765042	0.902296545765042	0.902296545765042	1
"p.Tyr205Asp"	"Missense_Mutation"	0.91662938784046	0.91662938784046	0.91662938784046	1
"p.Tyr205Phe"	"Missense_Mutation"	0.534549726822281	0.534549726822281	0.534549726822281	1
"p.Tyr220MetfsTer27"	"Frame_Shift_Del"	0.827131721960569	0.827131721960569	0.827131721960569	1
"p.Tyr220Ter"	"Frame_Shift_Del"	0.800967467206724	0.800967467206724	0.800967467206724	1
"p.Tyr220Ter"	"Nonsense_Mutation"	0.916335834308343	0.916335834308343	0.916335834308343	1
"p.Tyr234ProfsTer7"	"Frame_Shift_Ins"	0.939029307754471	0.939029307754471	0.939029307754471	1
"p.Tyr234Ser"	"Missense_Mutation"	0.868190469761271	0.868190469761271	0.868190469761271	1
"p.Tyr234ThrfsTer11"	"Frame_Shift_Del"	0.927532059160177	0.927532059160177	0.927532059160177	1
"p.Tyr236Asp"	"Missense_Mutation"	0.92789906062763	0.92789906062763	0.92789906062763	1
"p.Tyr236His"	"Missense_Mutation"	0.883319753555174	0.883319753555174	0.883319753555174	1
"p.Val122LeufsTer25"	"Frame_Shift_Del"	0.90982113597568	0.90982113597568	0.90982113597568	1
"p.Val143AlafsTer29"	"Frame_Shift_Ins"	0.771474229426129	0.771474229426129	0.771474229426129	1
"p.Val143ArgfsTer18"	"Frame_Shift_Del"	0.639810407015082	0.639810407015082	0.639810407015082	1
"p.Val143Glu"	"Missense_Mutation"	0.744264294067732	0.744264294067732	0.744264294067732	1
"p.Val147_Asp148dup"	"In_Frame_Ins"	0.839801275736297	0.839801275736297	0.839801275736297	1
"p.Val147LeufsTer23"	"Frame_Shift_Del"	0.862288823979632	0.862288823979632	0.862288823979632	1
"p.Val157_Arg158dup"	"In_Frame_Ins"	0.813375241659959	0.813375241659959	0.813375241659959	1
"p.Val157_Pro177del"	"In_Frame_Del"	0.769245027701414	0.769245027701414	0.769245027701414	1
"p.Val157AlafsTer24"	"Frame_Shift_Ins"	0.95589818044783	0.95589818044783	0.95589818044783	1
"p.Val157HisfsTer21"	"Frame_Shift_Del"	0.955644942319548	0.955644942319548	0.955644942319548	1
"p.Val157SerfsTer13"	"Frame_Shift_Del"	0.905515216848631	0.905515216848631	0.905515216848631	1
"p.Val172Gly"	"Missense_Mutation"	0.898471120491912	0.898471120491912	0.898471120491912	1
"p.Val172LeufsTer2"	"Frame_Shift_Del"	0.907986797855815	0.907986797855815	0.907986797855815	1
"p.Val173_Arg175del"	"In_Frame_Del"	0.809191546310215	0.809191546310215	0.809191546310215	1
"p.Val173Ala"	"Missense_Mutation"	0.712938888639408	0.712938888639408	0.712938888639408	1
"p.Val173AlafsTer69"	"Frame_Shift_Del"	0.868808959743741	0.868808959743741	0.868808959743741	1
"p.Val173dup"	"In_Frame_Ins"	0.749487534361918	0.749487534361918	0.749487534361918	1
"p.Val197IlefsTer42"	"Frame_Shift_Del"	0.846293605185846	0.846293605185846	0.846293605185846	1
"p.Val197Met"	"Missense_Mutation"	0.566811528476805	0.566811528476805	0.566811528476805	1
"p.Val203GlyfsTer44"	"Frame_Shift_Del"	0.924241450170127	0.924241450170127	0.924241450170127	1
"p.Val203GlyfsTer5"	"Frame_Shift_Del"	0.868732202830095	0.868732202830095	0.868732202830095	1
"p.Val203Leu"	"Missense_Mutation"	0.554215687276394	0.554215687276394	0.554215687276394	1
"p.Val203TrpfsTer44"	"Frame_Shift_Del"	0.637273557645204	0.637273557645204	0.637273557645204	1
"p.Val216Gly"	"Missense_Mutation"	0.910924671684202	0.910924671684202	0.910924671684202	1
"p.Val217GlyfsTer31"	"Frame_Shift_Ins"	0.627511291177863	0.627511291177863	0.627511291177863	1
"p.Val218CysfsTer29"	"Frame_Shift_Del"	0.762423367132417	0.762423367132417	0.762423367132417	1
"p.Val218del"	"In_Frame_Del"	0.875346629723371	0.875346629723371	0.875346629723371	1
"p.Val218Glu"	"Missense_Mutation"	0.880741777089357	0.880741777089357	0.880741777089357	1
"p.Val272Ala"	"Missense_Mutation"	0.388118414744741	0.388118414744741	0.388118414744741	1
"p.Val272CysfsTer73"	"Frame_Shift_Del"	0.892508347099333	0.892508347099333	0.892508347099333	1
"p.Val274_Cys275dup"	"In_Frame_Ins"	0.901646348602764	0.901646348602764	0.901646348602764	1
"p.Val274_Gly279del"	"In_Frame_Del"	0.950249170180495	0.950249170180495	0.950249170180495	1
"p.Val274Asp"	"Missense_Mutation"	0.750326803174309	0.750326803174309	0.750326803174309	1
"p.Val274dup"	"In_Frame_Ins"	0.898638167445413	0.898638167445413	0.898638167445413	1
"p.Val274Leu"	"Missense_Mutation"	0.943487157540985	0.943487157540985	0.943487157540985	1
"p.Val97GlufsTer48"	"Frame_Shift_Del"	0.888357480745831	0.888357480745831	0.888357480745831	1
