"HGVSc"	"Variant_Classification"	"Mean"	"low_CI"	"high_CI"	"count"
"c.524G>A"	"Missense_Mutation"	0.831455171854999	0.594729879231857	0.956401682854038	141
"c.817C>T"	"Missense_Mutation"	0.806768813284959	0.568212722568902	0.941136696586771	110
"c.743G>A"	"Missense_Mutation"	0.802196054216154	0.410078911711315	0.954867858466923	108
"c.818G>A"	"Missense_Mutation"	0.82060287186513	0.500759335237244	0.966641466284666	90
"c.844C>T"	"Missense_Mutation"	0.842848767026572	0.62747622476557	0.962932378040378	75
"c.742C>T"	"Missense_Mutation"	0.794098396984579	0.460676570101059	0.95121223822595	73
"c.659A>G"	"Missense_Mutation"	0.839970056910769	0.533213087379355	0.953890577697329	55
"c.637C>T"	"Nonsense_Mutation"	0.796849831338813	0.477867648871297	0.959423127381327	51
"c.586C>T"	"Nonsense_Mutation"	0.810666011765862	0.591349497138838	0.971495557953614	46
"c.536A>G"	"Missense_Mutation"	0.795811251796564	0.577102399160321	0.954472896921973	36
"c.733G>A"	"Missense_Mutation"	0.762825038869612	0.353386045008439	0.963240828664562	35
"c.469G>T"	"Missense_Mutation"	0.82032112164145	0.485408919546006	0.954886047633692	29
"c.578A>G"	"Missense_Mutation"	0.731849269010652	0.354402585414645	0.930652224073964	29
"c.916C>T"	"Nonsense_Mutation"	0.805193439702516	0.602236719470145	0.947988978198801	29
"c.473G>T"	"Missense_Mutation"	0.880494825445498	0.742183116071489	0.959534019555356	24
"c.527G>T"	"Missense_Mutation"	0.821407520419047	0.520753135012131	0.943298599252469	24
"c.488A>G"	"Missense_Mutation"	0.856365303500293	0.707337447703699	0.964925032205888	23
"c.1024C>T"	"Nonsense_Mutation"	0.846389103991664	0.62850482889768	0.981275477171761	22
"c.747G>T"	"Missense_Mutation"	0.791872017718438	0.583842350401804	0.931297804255595	22
"c.853G>A"	"Missense_Mutation"	0.744566499348437	0.435201110318886	0.952869126311205	22
"c.818G>T"	"Missense_Mutation"	0.845594093187275	0.657342331528499	0.955588209391106	21
"c.839G>C"	"Missense_Mutation"	0.798591604804227	0.386931843709749	0.95352692044292	20
"c.375G>T"	"Silent"	0.7794497793747	0.622269945487795	0.956071043364822	19
"c.574C>T"	"Nonsense_Mutation"	0.80707848056052	0.488857510092085	0.928078887239747	19
"c.614A>G"	"Missense_Mutation"	0.75061159903412	0.250391906977673	0.931326739339016	19
"c.701A>G"	"Missense_Mutation"	0.794350371667222	0.318167058459482	0.965669628516029	19
"c.892G>T"	"Nonsense_Mutation"	0.834083881871442	0.648365670215894	0.940229559595442	19
"c.991C>T"	"Nonsense_Mutation"	0.760908235180478	0.43427017631533	0.945977629566564	19
"c.641A>G"	"Missense_Mutation"	0.815012404631203	0.671270354079607	0.934743348215612	18
"c.734G>T"	"Missense_Mutation"	0.835503700170737	0.601307167704348	0.971756191837125	18
"c.814G>A"	"Missense_Mutation"	0.812060313328624	0.402097574713504	0.974555664886964	18
"c.707A>G"	"Missense_Mutation"	0.848035837781718	0.710645200935913	0.96823030930187	17
"c.722C>T"	"Missense_Mutation"	0.739803807880242	0.281366786393779	0.944049727080032	17
"c.473G>A"	"Missense_Mutation"	0.652339057313092	0.217165146989069	0.948024871847568	16
"c.584T>C"	"Missense_Mutation"	0.900549110146721	0.823066924408272	0.963447489132695	16
"c.711G>A"	"Missense_Mutation"	0.864653561222092	0.637879179263272	0.980490959495981	16
"c.734G>A"	"Missense_Mutation"	0.725549744817113	0.366339484856155	0.93648316645083	16
"c.527G>A"	"Missense_Mutation"	0.875794213257002	0.785214382888161	0.958507343266123	15
"c.839G>A"	"Missense_Mutation"	0.75051028199483	0.385303171871853	0.951238412927989	15
"c.880G>T"	"Nonsense_Mutation"	0.839625097067431	0.621842346275185	0.948434683577704	15
"c.1009C>T"	"Missense_Mutation"	0.757189263854838	0.454270578644564	0.908151451463386	14
"c.376-1G>A"	"Splice_Site"	0.712718268945912	0.450519354861451	0.909047293668862	14
"c.422G>A"	"Missense_Mutation"	0.832402667041381	0.608059435489853	0.918958702802395	14
"c.535C>T"	"Missense_Mutation"	0.796171771193739	0.655981674422966	0.905754518624375	14
"c.581T>G"	"Missense_Mutation"	0.748194377774662	0.558945232085708	0.917401784958609	14
"c.797G>T"	"Missense_Mutation"	0.7889136429445	0.494399494848987	0.951400299788323	14
"c.396G>C"	"Missense_Mutation"	0.808295764087269	0.550388634147486	0.975774583729586	13
"c.476C>T"	"Missense_Mutation"	0.84518013369758	0.652976249587803	0.92937861442474	13
"c.713G>A"	"Missense_Mutation"	0.767161765499547	0.533087256702756	0.922190972852982	13
"c.832C>T"	"Missense_Mutation"	0.867674919023039	0.707670709958274	0.949017077214907	13
"c.451C>T"	"Missense_Mutation"	0.808332490659728	0.66467907189903	0.947012421120343	12
"c.517G>A"	"Missense_Mutation"	0.848684760251295	0.755944085436691	0.965057242971596	12
"c.578A>T"	"Missense_Mutation"	0.887255482790192	0.733093725057998	0.975457185695997	12
"c.673-2A>G"	"Splice_Site"	0.872070748146883	0.749743541335058	0.945728684392091	12
"c.725G>T"	"Missense_Mutation"	0.851456700646781	0.671111000504732	0.927168386703802	12
"c.949C>T"	"Nonsense_Mutation"	0.814363763756862	0.6293170318997	0.949724578445322	12
"c.329G>T"	"Missense_Mutation"	0.798400604020261	0.531045265739156	0.967939803614073	11
"c.646G>A"	"Missense_Mutation"	0.822170315416464	0.651404611397739	0.954423982258642	11
"c.733G>T"	"Missense_Mutation"	0.899024116815695	0.841983533954275	0.958162437016725	11
"c.797G>A"	"Missense_Mutation"	0.858415387334887	0.705909057429634	0.955540994214328	11
"c.811G>A"	"Missense_Mutation"	0.73278876145169	0.502876109614561	0.915139178564333	11
"c.824G>T"	"Missense_Mutation"	0.856063603703896	0.654487141702394	0.977667711106731	11
"c.856G>A"	"Missense_Mutation"	0.842487999702682	0.57323177421917	0.957018543261003	11
"c.475G>C"	"Missense_Mutation"	0.819074666079174	0.68363418543506	0.944213333849372	10
"c.511G>T"	"Nonsense_Mutation"	0.863621761875416	0.769683806972991	0.940611306718635	10
"c.577C>T"	"Missense_Mutation"	0.807249375902759	0.596820025081598	0.950058830383398	10
"c.592G>T"	"Nonsense_Mutation"	0.872262979561646	0.779036738125399	0.940232007535926	10
"c.610G>T"	"Nonsense_Mutation"	0.816193521698666	0.600565777615765	0.943479672027481	10
"c.626_627delGA"	"Frame_Shift_Del"	0.769110551509238	0.601963254018523	0.907670033830019	10
"c.713G>T"	"Missense_Mutation"	0.737862973710177	0.405721894995361	0.907238243009948	10
"c.743G>T"	"Missense_Mutation"	0.677452626506811	0.118791640394807	0.912398696951992	10
"c.749C>T"	"Missense_Mutation"	0.833293516337831	0.600202590353693	0.959229467450014	10
"c.796G>A"	"Missense_Mutation"	0.724400042129224	0.333955263102209	0.937184851257396	10
"c.824G>A"	"Missense_Mutation"	0.790419372644765	0.657408178597085	0.922903170067181	10
"c.404G>A"	"Missense_Mutation"	0.703058193509295	0.327658402944009	0.940386748602879	9
"c.406C>T"	"Nonsense_Mutation"	0.785969261007237	0.614611473263222	0.92261459088173	9
"c.430C>T"	"Nonsense_Mutation"	0.615471992617019	0.242618051480626	0.849603117416943	9
"c.523C>G"	"Missense_Mutation"	0.851452145761109	0.639890791080826	0.945671318820962	9
"c.672+1G>T"	"Splice_Site"	0.853080690270367	0.599698602669961	0.960990183708661	9
"c.722C>G"	"Missense_Mutation"	0.90152754976805	0.751664832414038	0.975730342918838	9
"c.723delC"	"Frame_Shift_Del"	0.859284953759016	0.668255926359491	0.966960575921997	9
"c.832C>G"	"Missense_Mutation"	0.894440941936217	0.828981545169311	0.942522524714756	9
"c.993+1G>A"	"Splice_Site"	0.847095667531888	0.657735103846231	0.950724790960128	9
"c.273G>A"	"Nonsense_Mutation"	0.795995890703736	0.633223380392331	0.932627878936555	8
"c.365_366delTG"	"Frame_Shift_Del"	0.851222353681893	0.632410329545585	0.958969381314661	8
"c.404G>T"	"Missense_Mutation"	0.755195710999398	0.487114561968767	0.885645746090314	8
"c.452C>A"	"Missense_Mutation"	0.849116401119499	0.77261876761919	0.901941612445247	8
"c.548C>G"	"Nonsense_Mutation"	0.84762042581702	0.709855754772909	0.969930536362295	8
"c.559+1G>T"	"Splice_Site"	0.808330241572708	0.541231919442756	0.952153155141114	8
"c.560-1G>A"	"Splice_Site"	0.742413489396558	0.553670342334481	0.928413566867687	8
"c.569C>T"	"Missense_Mutation"	0.765416547976378	0.469157773260993	0.938906373358627	8
"c.848G>C"	"Missense_Mutation"	0.778450203357439	0.468943696418369	0.898251062034848	8
"c.920-2A>G"	"Splice_Site"	0.807324354662543	0.635891752426097	0.954945448879299	8
"c.1006G>T"	"Nonsense_Mutation"	0.907634589120769	0.799366527401899	0.969842983216584	7
"c.102delC"	"Frame_Shift_Del"	0.73035743306221	0.607362444489158	0.786226806329722	7
"c.216dupC"	"Frame_Shift_Ins"	0.870175217487161	0.741416092780307	0.952147789601109	7
"c.375+1G>A"	"Splice_Site"	0.834876855156552	0.603661096513367	0.981521821656018	7
"c.375+1G>T"	"Splice_Site"	0.751642324958962	0.470555145804819	0.93340265415432	7
"c.376-2A>G"	"Splice_Site"	0.887921724107496	0.768265326022063	0.955253717147702	7
"c.406C>G"	"Missense_Mutation"	0.837091861634821	0.704497719764289	0.940051369377582	7
"c.438G>A"	"Nonsense_Mutation"	0.863210729361203	0.739447759793586	0.97218162547143	7
"c.455C>T"	"Missense_Mutation"	0.744240418134143	0.482768833155259	0.866900594447617	7
"c.463A>C"	"Missense_Mutation"	0.870565655351482	0.793338238614055	0.922754945079143	7
"c.481G>A"	"Missense_Mutation"	0.753200136514788	0.459393613829369	0.901463508147687	7
"c.499C>T"	"Nonsense_Mutation"	0.829921059932578	0.613407817594504	0.950087486162349	7
"c.517G>T"	"Missense_Mutation"	0.839248986850846	0.694267684600258	0.912099182796481	7
"c.559+1G>A"	"Splice_Site"	0.907178818859391	0.805552209650772	0.946676474704318	7
"c.578A>C"	"Missense_Mutation"	0.708719299898978	0.418633890126443	0.907694234144075	7
"c.583A>T"	"Missense_Mutation"	0.849899815029812	0.7845809563228	0.932760859450744	7
"c.596G>T"	"Missense_Mutation"	0.687560750788558	0.401483562614513	0.935078822542565	7
"c.673-1G>A"	"Splice_Site"	0.900150684850502	0.776295493826497	0.968788365284128	7
"c.715A>G"	"Missense_Mutation"	0.680611295932124	0.384946795712852	0.933731688229687	7
"c.722C>A"	"Missense_Mutation"	0.867840137294551	0.706759324118077	0.96307317485344	7
"c.731G>A"	"Missense_Mutation"	0.787379699551864	0.652730976727711	0.924976241325263	7
"c.782+1G>A"	"Splice_Site"	0.72781863058696	0.396255594890773	0.882400574085463	7
"c.817C>A"	"Missense_Mutation"	0.831688484016766	0.742437033118014	0.949541832291541	7
"c.841G>T"	"Missense_Mutation"	0.81988357014031	0.690164503046288	0.93899244324264	7
"c.853G>T"	"Nonsense_Mutation"	0.773833913079885	0.517810767739137	0.917459094564103	7
"c.993+1G>T"	"Splice_Site"	0.789948180926554	0.616624475880363	0.933428956896572	7
"c.1001G>T"	"Missense_Mutation"	0.792882734080068	0.586959880380451	0.923273125230493	6
"c.1010G>T"	"Missense_Mutation"	0.874541194626267	0.676006273599012	0.948061931909501	6
"c.1015G>T"	"Nonsense_Mutation"	0.820575807960774	0.635100240317121	0.919847815238431	6
"c.1024delC"	"Frame_Shift_Del"	0.836339155580672	0.535885424057244	0.971307453671711	6
"c.272G>A"	"Nonsense_Mutation"	0.885171486594369	0.808997227912744	0.946700531382026	6
"c.313G>T"	"Missense_Mutation"	0.829563001884088	0.726570624414735	0.922123607187279	6
"c.375G>A"	"Silent"	0.664638618676668	0.294478367851607	0.882929617046613	6
"c.376-2A>T"	"Splice_Site"	0.865368495389221	0.795532074423426	0.954264347603434	6
"c.380C>A"	"Missense_Mutation"	0.826215290311374	0.675493251371162	0.948905261341173	6
"c.380C>T"	"Missense_Mutation"	0.825689709874863	0.680958553412965	0.920834046841879	6
"c.388C>G"	"Missense_Mutation"	0.791439314441813	0.591960738001998	0.907079104680055	6
"c.394A>G"	"Missense_Mutation"	0.78405931961734	0.595257981614721	0.8921258009394	6
"c.396G>T"	"Missense_Mutation"	0.855117986237868	0.739768334881683	0.947856658052532	6
"c.672+1G>A"	"Splice_Site"	0.84908391845368	0.728112094816503	0.919695524359922	6
"c.730G>A"	"Missense_Mutation"	0.644776312103794	0.273199010325853	0.915421632321444	6
"c.745A>G"	"Missense_Mutation"	0.839321748872797	0.56124984331682	0.951371046939835	6
"c.746G>T"	"Missense_Mutation"	0.78402290026525	0.54403174540564	0.921518283340945	6
"c.776A>T"	"Missense_Mutation"	0.567222810824193	0.347587411556765	0.824079482967677	6
"c.796G>T"	"Nonsense_Mutation"	0.942261140372739	0.843089608526344	0.98108716829447	6
"c.80delC"	"Frame_Shift_Del"	0.779520193717947	0.572782661303017	0.930258560431609	6
"c.820G>T"	"Missense_Mutation"	0.890568609201431	0.804471952176178	0.973134638098192	6
"c.833C>G"	"Missense_Mutation"	0.903935273317901	0.846036498316718	0.957586606766742	6
"c.833C>T"	"Missense_Mutation"	0.817829786553464	0.768573214814154	0.905335366130776	6
"c.836G>A"	"Missense_Mutation"	0.727477910392443	0.495852214270149	0.856775506557351	6
"c.856G>T"	"Nonsense_Mutation"	0.774060169123941	0.546965225642268	0.943908342791572	6
"c.857A>G"	"Missense_Mutation"	0.876516044451742	0.809304878077433	0.952412647579953	6
"c.97-1G>A"	"Splice_Site"	0.822958436344108	0.777214864583008	0.892347031628236	6
"c.1027G>T"	"Nonsense_Mutation"	0.831954243020715	0.758554763029102	0.925771349795196	5
"c.1045G>T"	"Nonsense_Mutation"	0.861875527540093	0.795838815794104	0.949193996136667	5
"c.166G>T"	"Nonsense_Mutation"	0.777430311864256	0.334972259746413	0.977097077108835	5
"c.202G>T"	"Nonsense_Mutation"	0.787989861002929	0.559945103490445	0.958566785534251	5
"c.318C>G"	"Missense_Mutation"	0.849400676688259	0.674392429756947	0.964228595189674	5
"c.377A>G"	"Missense_Mutation"	0.798686881232693	0.607231608437448	0.953225298361824	5
"c.383delC"	"Frame_Shift_Del"	0.749818024848702	0.604840822145923	0.93543239305866	5
"c.388C>T"	"Missense_Mutation"	0.685718733110033	0.586242607408456	0.853739670619577	5
"c.395A>G"	"Missense_Mutation"	0.881865776484633	0.805008027598393	0.944553901083084	5
"c.423C>G"	"Missense_Mutation"	0.72941693533973	0.609463836737125	0.920983336543976	5
"c.451C>A"	"Missense_Mutation"	0.843568007677392	0.653061971790999	0.93209853684761	5
"c.461G>T"	"Missense_Mutation"	0.744676557785132	0.465628450283095	0.948443060763859	5
"c.487T>C"	"Missense_Mutation"	0.676240660528747	0.377727771704031	0.894585981125344	5
"c.529_546delCCCCACCATGAGCGCTGC"	"In_Frame_Del"	0.900228271325422	0.860384606682655	0.931286803760974	5
"c.638G>A"	"Missense_Mutation"	0.646283899517789	0.286754420734371	0.85363541479656	5
"c.638G>T"	"Missense_Mutation"	0.86821972996735	0.806537514611351	0.938041205011109	5
"c.644G>T"	"Missense_Mutation"	0.730741588641776	0.394507718449151	0.925808245066886	5
"c.711G>T"	"Missense_Mutation"	0.868266200448303	0.726979189102418	0.960798268831376	5
"c.725G>A"	"Missense_Mutation"	0.787749716105417	0.649497420415054	0.868891520716271	5
"c.730G>T"	"Missense_Mutation"	0.858718398087192	0.808364342188847	0.910260222396562	5
"c.785G>T"	"Missense_Mutation"	0.862144060200695	0.761162178843655	0.925532137147923	5
"c.800G>C"	"Missense_Mutation"	0.80946951787993	0.754086354878604	0.911697323665563	5
"c.809T>C"	"Missense_Mutation"	0.872561964451764	0.749107465067618	0.947567527903265	5
"c.832C>A"	"Missense_Mutation"	0.791371698610085	0.645342334139238	0.932586549698346	5
"c.833C>A"	"Missense_Mutation"	0.727441448301618	0.447186425348795	0.938317526278497	5
"c.838A>G"	"Missense_Mutation"	0.87484819070746	0.801729485926762	0.969433823325657	5
"c.112C>T"	"Nonsense_Mutation"	0.916297619341399	0.870837629084354	0.952447539080804	4
"c.1146delA"	"Frame_Shift_Del"	0.487356329773524	0.245618207440913	0.805627679657246	4
"c.154C>T"	"Nonsense_Mutation"	0.823995134306336	0.783586806005991	0.875103537765677	4
"c.298C>T"	"Nonsense_Mutation"	0.835102357191475	0.709119927467916	0.906092943048064	4
"c.314G>T"	"Missense_Mutation"	0.892844384269019	0.83828395564135	0.954816739854307	4
"c.319T>G"	"Missense_Mutation"	0.904317195491554	0.875877711181281	0.964295060612588	4
"c.338T>G"	"Missense_Mutation"	0.793672086083479	0.676227842468404	0.853001319945986	4
"c.403T>C"	"Missense_Mutation"	0.868460940733251	0.744725025650372	0.959006690283207	4
"c.427G>A"	"Missense_Mutation"	0.824800017167413	0.795080267918071	0.882758106666752	4
"c.437G>A"	"Nonsense_Mutation"	0.893586471509912	0.824420253681733	0.935136869554467	4
"c.455delC"	"Frame_Shift_Del"	0.738730888540815	0.53429388297512	0.920796323918719	4
"c.461delG"	"Frame_Shift_Del"	0.808060205014672	0.712114202914348	0.899263825852856	4
"c.467G>C"	"Missense_Mutation"	0.799194331613574	0.707289265173982	0.873719489312967	4
"c.470T>A"	"Missense_Mutation"	0.940464870295049	0.915543596891596	0.969249928514033	4
"c.481G>T"	"Missense_Mutation"	0.68276173980843	0.384806684787253	0.855756514653543	4
"c.535C>A"	"Missense_Mutation"	0.82835391567766	0.68128912908207	0.97672099224628	4
"c.535C>G"	"Missense_Mutation"	0.870308720048542	0.820706117517874	0.912624324530292	4
"c.542G>A"	"Missense_Mutation"	0.561813663574649	0.208206246308883	0.836727278208368	4
"c.584T>A"	"Missense_Mutation"	0.923719093060476	0.864508772831944	0.964270811665974	4
"c.614A>C"	"Missense_Mutation"	0.861153014745866	0.793410460022138	0.938692861378661	4
"c.632C>T"	"Missense_Mutation"	0.922228851389906	0.899149609047351	0.965695485373161	4
"c.636delT"	"Frame_Shift_Del"	0.800772207822548	0.679500096306277	0.871038827340782	4
"c.643A>G"	"Missense_Mutation"	0.83332783430306	0.794645203541167	0.852267989857937	4
"c.658T>C"	"Missense_Mutation"	0.722868660332764	0.541299847498329	0.899602373082968	4
"c.659A>C"	"Missense_Mutation"	0.57206877827648	0.166852500753061	0.81934742856203	4
"c.661G>T"	"Nonsense_Mutation"	0.812055909599796	0.705019079988806	0.950960617036808	4
"c.673-2A>T"	"Splice_Site"	0.641471136556044	0.328746789569165	0.852182937860008	4
"c.716A>G"	"Missense_Mutation"	0.918197030073163	0.831130397302574	0.986160750967442	4
"c.736A>G"	"Missense_Mutation"	0.781221494788951	0.588518265125228	0.881087943053122	4
"c.764_766delTCA"	"In_Frame_Del"	0.775192804744355	0.599058935720278	0.952176765195651	4
"c.772G>A"	"Missense_Mutation"	0.792075969539133	0.662425165817335	0.892525431039254	4
"c.775G>T"	"Missense_Mutation"	0.876391730303334	0.77086610203503	0.935805719903841	4
"c.794T>C"	"Missense_Mutation"	0.841670886993295	0.778125987620653	0.913822921785377	4
"c.799C>T"	"Missense_Mutation"	0.519685306884877	0.256290804365025	0.765812294513807	4
"c.811G>T"	"Nonsense_Mutation"	0.888234403729919	0.862805619395032	0.937147063866878	4
"c.818G>C"	"Missense_Mutation"	0.929374861665298	0.859011293219225	0.966248082644534	4
"c.821T>G"	"Missense_Mutation"	0.827668297169237	0.639043229525827	0.916926197936487	4
"c.830G>T"	"Missense_Mutation"	0.798179100905803	0.634451110128741	0.908476890880153	4
"c.854A>T"	"Missense_Mutation"	0.820599664621297	0.711272243911301	0.934859467191203	4
"c.856G>C"	"Missense_Mutation"	0.789121645724137	0.657770300349215	0.906049240867052	4
"c.859G>T"	"Nonsense_Mutation"	0.847959235864029	0.778350584882727	0.891872382217691	4
"c.902delC"	"Frame_Shift_Del"	0.75853784700124	0.517338739390717	0.952109988017355	4
"c.919+1G>A"	"Splice_Site"	0.860810180632616	0.701035727152825	0.950677684119299	4
"c.919+1G>T"	"Splice_Site"	0.876307082140112	0.845275955514787	0.901570044270501	4
"c.919+2T>G"	"Splice_Site"	0.877703258619258	0.808252160177026	0.944793997533501	4
"c.993G>T"	"Missense_Mutation"	0.815572456184562	0.615288999134843	0.92716375077395	4
"c.1010G>A"	"Missense_Mutation"	0.471785617154164	0.132970489511273	0.77425671923072	3
"c.1015delG"	"Frame_Shift_Del"	0.920637113822307	0.866273316279872	0.970503072466287	3
"c.1025G>C"	"Missense_Mutation"	0.616985433628893	0.433827691246243	0.784583939005927	3
"c.151G>T"	"Nonsense_Mutation"	0.911907952223814	0.850535341933979	0.961141991036116	3
"c.184G>T"	"Nonsense_Mutation"	0.691608741004253	0.473878347358441	0.819685443148847	3
"c.281C>G"	"Nonsense_Mutation"	0.901352313182255	0.875388821672455	0.918914595876227	3
"c.310C>T"	"Nonsense_Mutation"	0.823725228429714	0.685154920663106	0.931432477255757	3
"c.326T>G"	"Missense_Mutation"	0.764467013631866	0.684665150593127	0.852472282102068	3
"c.328delC"	"Frame_Shift_Del"	0.81939146110748	0.651634407861918	0.918072080663693	3
"c.332T>C"	"Missense_Mutation"	0.798150122673088	0.665216248047458	0.910256033713864	3
"c.358A>G"	"Missense_Mutation"	0.766782617380346	0.635079819208728	0.859928576218251	3
"c.376-1G>T"	"Splice_Site"	0.77965008265049	0.53169267806112	0.925537740432962	3
"c.376T>A"	"Missense_Mutation"	0.80543230731263	0.70078159737306	0.930252958208143	3
"c.376T>G"	"Missense_Mutation"	0.787742426498989	0.587702652375383	0.908748340171806	3
"c.392A>T"	"Missense_Mutation"	0.797854691890886	0.580840833990067	0.926949448398253	3
"c.400T>C"	"Missense_Mutation"	0.87281025296233	0.797244926606618	0.939351455401372	3
"c.405C>G"	"Missense_Mutation"	0.678588767324966	0.499840304545557	0.943764999250511	3
"c.421T>C"	"Missense_Mutation"	0.556406786518365	0.483482839842077	0.680377495868056	3
"c.421T>G"	"Missense_Mutation"	0.562936374432066	0.488299027360796	0.645868331101866	3
"c.434T>G"	"Missense_Mutation"	0.854664092645289	0.849195644277536	0.857880826979262	3
"c.452_459delCCCCGCCC"	"Frame_Shift_Del"	0.958004814939581	0.935255416441598	0.971386814056041	3
"c.452C>G"	"Missense_Mutation"	0.82216062743151	0.677275532201568	0.917218917454445	3
"c.455dupC"	"Frame_Shift_Ins"	0.88216152254621	0.786808494711861	0.965253597088781	3
"c.464C>A"	"Missense_Mutation"	0.875862052652448	0.805818469894784	0.933874036896368	3
"c.472C>G"	"Missense_Mutation"	0.6319576623556	0.500733901077699	0.850597043484712	3
"c.487T>A"	"Missense_Mutation"	0.902721886642575	0.856031030325321	0.943365118120396	3
"c.497C>G"	"Nonsense_Mutation"	0.89432900305469	0.839728977640065	0.947607598913643	3
"c.503A>T"	"Missense_Mutation"	0.843909560517936	0.831537836713154	0.864941490986066	3
"c.514G>T"	"Missense_Mutation"	0.932862957738856	0.927416049377403	0.938903240084775	3
"c.517G>C"	"Missense_Mutation"	0.869358930029996	0.830211669974189	0.925231299116697	3
"c.530C>G"	"Missense_Mutation"	0.723908601694327	0.600904516633738	0.820942331995273	3
"c.532delC"	"Frame_Shift_Del"	0.858334339640671	0.781823555341225	0.917474630290866	3
"c.532dupC"	"Frame_Shift_Ins"	0.651647971652133	0.45890012976165	0.828926185814922	3
"c.536A>T"	"Missense_Mutation"	0.846642819204678	0.781374685171164	0.913236323688903	3
"c.560-1G>C"	"Splice_Site"	0.821399498408166	0.753460484621128	0.933041742011357	3
"c.560-1G>T"	"Splice_Site"	0.922050733142636	0.900916100180161	0.946103503042202	3
"c.572_574delCTC"	"In_Frame_Del"	0.640464763330789	0.435850840169569	0.839953154443038	3
"c.577C>A"	"Missense_Mutation"	0.706881191711263	0.498508172971023	0.867778485278236	3
"c.581T>A"	"Missense_Mutation"	0.881934709761951	0.848400986236119	0.938942039755866	3
"c.587G>C"	"Missense_Mutation"	0.824886016405113	0.712347160000954	0.892971715905697	3
"c.590T>G"	"Missense_Mutation"	0.783816106800798	0.555798887402204	0.933477408381338	3
"c.613T>A"	"Missense_Mutation"	0.85108044413983	0.758641071845626	0.918384732742307	3
"c.613T>C"	"Missense_Mutation"	0.814761046356276	0.793618523666469	0.850528158968349	3
"c.631_632delAC"	"Frame_Shift_Del"	0.890111376089291	0.843430177558949	0.946964057169943	3
"c.646G>T"	"Missense_Mutation"	0.773923852325148	0.66583883102807	0.910482305141785	3
"c.653T>G"	"Missense_Mutation"	0.819184927987017	0.751089007443615	0.892798927233946	3
"c.670G>T"	"Nonsense_Mutation"	0.844478897474293	0.768507194985612	0.936554583258251	3
"c.672G>A"	"Silent"	0.700383720858872	0.49909140693322	0.867874053433626	3
"c.672G>C"	"Missense_Mutation"	0.874825489429468	0.838082238780654	0.934857182213069	3
"c.686_687delGT"	"Frame_Shift_Del"	0.882666226792706	0.847922126951804	0.923256974314867	3
"c.695T>C"	"Missense_Mutation"	0.690221404296602	0.518263191387125	0.858051843921753	3
"c.695T>G"	"Missense_Mutation"	0.826901552216419	0.658523507904818	0.953091807225697	3
"c.709A>G"	"Missense_Mutation"	0.803489509958437	0.717072360582727	0.874306913126149	3
"c.724T>A"	"Missense_Mutation"	0.861777160490514	0.813675945320806	0.890071992943284	3
"c.738G>A"	"Missense_Mutation"	0.728962318414126	0.511099858214488	0.884698811814288	3
"c.743G>C"	"Missense_Mutation"	0.796483980720862	0.616343042696186	0.955108267912115	3
"c.745A>T"	"Missense_Mutation"	0.809073225230572	0.728072364973182	0.920468082430956	3
"c.747G>C"	"Missense_Mutation"	0.874718925187893	0.813638727980623	0.942664937350673	3
"c.761T>G"	"Missense_Mutation"	0.809940971108175	0.708146488174857	0.9094909559765	3
"c.772G>C"	"Missense_Mutation"	0.61549201549604	0.600967355251767	0.624035933286789	3
"c.78delT"	"Frame_Shift_Del"	0.860318902419595	0.821972966116097	0.925506994135543	3
"c.794T>G"	"Missense_Mutation"	0.688633679540129	0.365971216402457	0.88608577105601	3
"c.809T>G"	"Missense_Mutation"	0.886139251544778	0.864021643790403	0.899149609047351	3
"c.812A>T"	"Missense_Mutation"	0.648548115488862	0.410505529818786	0.876962928550448	3
"c.814G>T"	"Missense_Mutation"	0.793120970351781	0.647005537254157	0.916396544603086	3
"c.827C>A"	"Missense_Mutation"	0.890656677775875	0.844388900206883	0.940717027229831	3
"c.831T>A"	"Nonsense_Mutation"	0.690507716273288	0.372607560629281	0.928162019274711	3
"c.839G>T"	"Missense_Mutation"	0.877943089785354	0.864758699730229	0.889051830882191	3
"c.842A>T"	"Missense_Mutation"	0.902781316878776	0.881517945804265	0.935012903786437	3
"c.843C>A"	"Missense_Mutation"	0.728075299996341	0.546638143786288	0.917575074136623	3
"c.844C>G"	"Missense_Mutation"	0.667222102821646	0.548107663697592	0.869716649332538	3
"c.880delG"	"Frame_Shift_Del"	0.789123833897708	0.725079897196124	0.880732375605346	3
"c.913A>T"	"Nonsense_Mutation"	0.884734921363444	0.853731252984827	0.907458936212623	3
"c.96+1G>T"	"Splice_Site"	0.741910271306226	0.60495745669594	0.875526808521391	3
"c.97-1G>C"	"Splice_Site"	0.82128979537379	0.654948030107943	0.941165661685415	3
"c.993+2T>G"	"Splice_Site"	0.80908986830402	0.617606036020444	0.955978171812169	3
"c.994-1G>C"	"Splice_Site"	0.839439882075849	0.799071587579744	0.898219412995239	3
"c.994-1G>T"	"Splice_Site"	0.779369959945366	0.752533609091881	0.79515604868271	3
"c.994-2A>G"	"Splice_Site"	0.741022728917478	0.621916697707563	0.933364584114822	3
"c.1000G>T"	"Missense_Mutation"	0.578363117213766	0.463911965217839	0.692814269209694	2
"c.1002delG"	"Frame_Shift_Del"	0.733683895349599	0.707863263949272	0.759504526749927	2
"c.1004delG"	"Frame_Shift_Del"	0.566045472523985	0.258185702234783	0.873905242813186	2
"c.1005delT"	"Frame_Shift_Del"	0.924608818040523	0.924608818040523	0.924608818040523	2
"c.1009C>A"	"Missense_Mutation"	0.74517068256027	0.715748907566831	0.774592457553709	2
"c.1036G>T"	"Nonsense_Mutation"	0.557934134859653	0.557934134859653	0.557934134859653	2
"c.104dupT"	"Frame_Shift_Ins"	0.873019199619495	0.849878806067587	0.896159593171403	2
"c.1051A>T"	"Nonsense_Mutation"	0.916576790116379	0.884468662090024	0.948684918142735	2
"c.1060C>T"	"Nonsense_Mutation"	0.113518732657365	0.113518732657365	0.113518732657365	2
"c.112delC"	"Frame_Shift_Del"	0.919591865191245	0.898931696981961	0.94025203340053	2
"c.128delT"	"Frame_Shift_Del"	0.724068322041538	0.557637779263435	0.890498864819641	2
"c.132delG"	"Frame_Shift_Del"	0.867111156127537	0.867111156127537	0.867111156127537	2
"c.159G>A"	"Nonsense_Mutation"	0.764958068246463	0.746692024004803	0.783224112488122	2
"c.173delC"	"Frame_Shift_Del"	0.856767293006335	0.816370226651913	0.897164359360757	2
"c.192delC"	"Frame_Shift_Del"	0.869017218522765	0.829188652962216	0.908845784083315	2
"c.216_217delCGinsT"	"Frame_Shift_Del"	0.817400269399759	0.709134376361896	0.925666162437622	2
"c.250delG"	"Frame_Shift_Del"	0.923916102629679	0.905170088976911	0.942662116282447	2
"c.267_277delCTCCTGGCCCC"	"Frame_Shift_Del"	0.887465922754455	0.887465922754455	0.887465922754455	2
"c.267delC"	"Frame_Shift_Del"	0.777641565768605	0.662346996561788	0.892936134975421	2
"c.281C>A"	"Nonsense_Mutation"	0.889143671906655	0.869921973834638	0.908365369978671	2
"c.309C>G"	"Nonsense_Mutation"	0.861656033702305	0.861656033702305	0.861656033702305	2
"c.314G>A"	"Missense_Mutation"	0.690595962668331	0.48715610762045	0.894035817716211	2
"c.31G>T"	"Nonsense_Mutation"	0.232974848772722	0.232974848772722	0.232974848772722	2
"c.323delG"	"Frame_Shift_Del"	0.865282882878207	0.839114803749398	0.891450962007016	2
"c.325T>G"	"Missense_Mutation"	0.928390062391677	0.920308871568845	0.936471253214509	2
"c.326T>C"	"Missense_Mutation"	0.918000896811816	0.883538887489123	0.95246290613451	2
"c.328_331delCGTC"	"Frame_Shift_Del"	0.901176972461783	0.901176972461783	0.901176972461783	2
"c.329G>C"	"Missense_Mutation"	0.668094299672604	0.621499670959401	0.714688928385808	2
"c.332T>A"	"Missense_Mutation"	0.686384112302768	0.675236673625441	0.697531550980094	2
"c.332T>G"	"Missense_Mutation"	0.894546635093361	0.852725037201271	0.93636823298545	2
"c.337T>G"	"Missense_Mutation"	0.897293306903142	0.848695964524871	0.945890649281413	2
"c.339_341delCTT"	"In_Frame_Del"	0.789188876695744	0.771874194851938	0.80650355853955	2
"c.351delG"	"Frame_Shift_Del"	0.968037682777287	0.968037682777287	0.968037682777287	2
"c.351dupG"	"Frame_Shift_Ins"	0.941407549415912	0.941293918948736	0.941521179883088	2
"c.363dupT"	"Frame_Shift_Ins"	0.891486803022329	0.870798608522123	0.912174997522534	2
"c.372C>A"	"Nonsense_Mutation"	0.88001914358567	0.821793629435354	0.938244657735986	2
"c.373A>C"	"Missense_Mutation"	0.867842135824899	0.796632262386489	0.939052009263309	2
"c.375+1delG"	"Splice_Site"	0.835844220582492	0.759838660983658	0.911849780181325	2
"c.375+1G>C"	"Splice_Site"	0.8813493873397	0.870640158630156	0.892058616049244	2
"c.375+2T>A"	"Splice_Site"	0.571579875905317	0.325864624850241	0.817295126960394	2
"c.376-1_391delGTACTCCCCTGCCCTCA"	"Splice_Site"	0.787846514772942	0.728882867463403	0.84681016208248	2
"c.376-2A>C"	"Splice_Site"	0.867598787241307	0.800903634745389	0.934293939737225	2
"c.377A>C"	"Missense_Mutation"	0.856825603563185	0.834032244098044	0.879618963028326	2
"c.398T>A"	"Missense_Mutation"	0.926937670301274	0.905672001394582	0.948203339207967	2
"c.403delT"	"Frame_Shift_Del"	0.911584633673512	0.911584633673512	0.911584633673512	2
"c.405C>A"	"Nonsense_Mutation"	0.732100033623437	0.710154679599029	0.754045387647845	2
"c.407A>C"	"Missense_Mutation"	0.879380948723113	0.870736396538591	0.888025500907634	2
"c.412_427delGCCAAGACCTGCCCTG"	"Frame_Shift_Del"	0.660192194326982	0.523128479885019	0.797255908768945	2
"c.413C>T"	"Missense_Mutation"	0.888199615936204	0.885695745274783	0.890703486597625	2
"c.417G>C"	"Missense_Mutation"	0.676441270276305	0.5808506379989	0.77203190255371	2
"c.420delC"	"Frame_Shift_Del"	0.868216675978009	0.836999835061794	0.899433516894223	2
"c.422G>T"	"Missense_Mutation"	0.49485304915703	0.207209585396267	0.782496512917793	2
"c.428T>C"	"Missense_Mutation"	0.823538604924274	0.795897152108753	0.851180057739794	2
"c.428T>G"	"Missense_Mutation"	0.885760225051567	0.8554745622683	0.916045887834834	2
"c.434T>C"	"Missense_Mutation"	0.908638160712532	0.900815758295254	0.91646056312981	2
"c.445dupT"	"Frame_Shift_Ins"	0.655601573202483	0.494633473077749	0.816569673327218	2
"c.451C>G"	"Missense_Mutation"	0.772507999666531	0.625055158511597	0.919960840821465	2
"c.454C>T"	"Missense_Mutation"	0.793945429238549	0.703686789123137	0.884204069353961	2
"c.455_456delCGinsT"	"Frame_Shift_Del"	0.819590005970382	0.788076001633932	0.851104010306832	2
"c.455C>A"	"Missense_Mutation"	0.755381791400452	0.733124244315858	0.777639338485046	2
"c.459delC"	"Frame_Shift_Del"	0.850215120545332	0.830391758223826	0.870038482866837	2
"c.464C>T"	"Missense_Mutation"	0.572199525450327	0.397597496908354	0.746801553992301	2
"c.469G>C"	"Missense_Mutation"	0.762149960228811	0.589646129934674	0.934653790522948	2
"c.470T>G"	"Missense_Mutation"	0.671650602418979	0.415668150462206	0.927633054375751	2
"c.472C>A"	"Missense_Mutation"	0.762517775192502	0.750490376751098	0.774545173633906	2
"c.472delC"	"Frame_Shift_Del"	0.926056432834052	0.912486123764191	0.939626741903913	2
"c.482C>A"	"Missense_Mutation"	0.768311657838162	0.664945147043951	0.871678168632372	2
"c.482C>T"	"Missense_Mutation"	0.741330069930657	0.727778906368571	0.754881233492744	2
"c.507G>A"	"Missense_Mutation"	0.507026617397293	0.258320054805279	0.755733179989307	2
"c.511G>A"	"Missense_Mutation"	0.781349504535783	0.649832043024128	0.912866966047438	2
"c.515T>A"	"Missense_Mutation"	0.860095111743271	0.826436157559858	0.893754065926684	2
"c.518_519delTG"	"Frame_Shift_Del"	0.933826952848777	0.933826952848777	0.933826952848777	2
"c.518T>G"	"Missense_Mutation"	0.886339003088096	0.872094251193876	0.900583754982315	2
"c.520A>T"	"Missense_Mutation"	0.831487879773087	0.747242845211921	0.915732914334253	2
"c.522delG"	"Frame_Shift_Del"	0.556744643016474	0.406843575641215	0.706645710391733	2
"c.526T>C"	"Missense_Mutation"	0.18689149346719	0.18689149346719	0.18689149346719	2
"c.528C>A"	"Nonsense_Mutation"	0.942859933498761	0.908300195853395	0.977419671144126	2
"c.528C>G"	"Missense_Mutation"	0.539363491240054	0.273200360147656	0.805526622332452	2
"c.538G>A"	"Missense_Mutation"	0.734390840954502	0.616330245662116	0.852451436246887	2
"c.538G>T"	"Nonsense_Mutation"	0.850969722106485	0.779914926143457	0.922024518069513	2
"c.560-2A>T"	"Splice_Site"	0.929657619605566	0.90280402523707	0.956511213974063	2
"c.565delG"	"Frame_Shift_Del"	0.88415570237906	0.844329666966772	0.923981737791348	2
"c.579_585delTCTTATC"	"Frame_Shift_Del"	0.910422274566906	0.896182344393249	0.924662204740563	2
"c.580_581dupCT"	"Frame_Shift_Ins"	0.816352223478483	0.816352223478483	0.816352223478483	2
"c.581T>C"	"Missense_Mutation"	0.908092378259502	0.864139534854989	0.952045221664014	2
"c.583dupA"	"Frame_Shift_Ins"	0.872116464086667	0.849071693690902	0.895161234482433	2
"c.584T>G"	"Missense_Mutation"	0.850811850762463	0.739001699130717	0.96262200239421	2
"c.589G>T"	"Missense_Mutation"	0.687868621540196	0.644121990871824	0.731615252208568	2
"c.595G>T"	"Nonsense_Mutation"	0.779366584101239	0.766881552467235	0.791851615735244	2
"c.599delA"	"Frame_Shift_Del"	0.907404985788883	0.881095425494545	0.933714546083222	2
"c.602T>A"	"Nonsense_Mutation"	0.893696410966498	0.886932663377789	0.900460158555207	2
"c.623A>G"	"Missense_Mutation"	0.828369489997993	0.730716447418347	0.92602253257764	2
"c.625A>T"	"Nonsense_Mutation"	0.662537029904977	0.583590694945852	0.741483364864102	2
"c.635_636delTT"	"Frame_Shift_Del"	0.877237241358281	0.865487935339402	0.88898654737716	2
"c.644G>A"	"Missense_Mutation"	0.72838441518938	0.668684401780514	0.788084428598247	2
"c.645T>G"	"Missense_Mutation"	0.86861716377056	0.861173061437591	0.876061266103528	2
"c.647T>A"	"Missense_Mutation"	0.83165225189907	0.78394276736997	0.87936173642817	2
"c.658T>G"	"Missense_Mutation"	0.66942305679171	0.468101712962803	0.870744400620617	2
"c.666_667delGC"	"Frame_Shift_Del"	0.903891316452315	0.866987133071538	0.940795499833093	2
"c.672+2T>C"	"Splice_Site"	0.797847353639062	0.708740495748052	0.886954211530072	2
"c.672G>T"	"Missense_Mutation"	0.750219752529921	0.638362417891741	0.862077087168102	2
"c.673-1G>C"	"Splice_Site"	0.891271740402065	0.881904747813038	0.900638732991091	2
"c.681dupT"	"Frame_Shift_Ins"	0.930787730656121	0.924086820424175	0.937488640888066	2
"c.694A>T"	"Missense_Mutation"	0.687359243974238	0.687359243974238	0.687359243974238	2
"c.695T>A"	"Missense_Mutation"	0.921942038007155	0.887869180198005	0.956014895816306	2
"c.700T>C"	"Missense_Mutation"	0.934962652045427	0.928054121526002	0.941871182564853	2
"c.701dupA"	"Nonsense_Mutation"	0.712787070820764	0.712787070820764	0.712787070820764	2
"c.708_727delCATGTGTAACAGTTCCTGCA"	"Frame_Shift_Del"	0.712787070820764	0.712787070820764	0.712787070820764	2
"c.708C>A"	"Nonsense_Mutation"	0.887610253791591	0.822015194818187	0.953205312764994	2
"c.710T>A"	"Missense_Mutation"	0.922614620257422	0.911119118958877	0.934110121555968	2
"c.712T>C"	"Missense_Mutation"	0.918125832966745	0.907176275614301	0.929075390319189	2
"c.714dupT"	"Frame_Shift_Ins"	0.942652913175494	0.905130312430789	0.9801755139202	2
"c.717_727delCAGTTCCTGCA"	"Frame_Shift_Del"	0.901797378461584	0.901797378461584	0.901797378461584	2
"c.724T>G"	"Missense_Mutation"	0.808768638378404	0.669763771695484	0.947773505061323	2
"c.725G>C"	"Missense_Mutation"	0.881827425798036	0.874973760283432	0.88868109131264	2
"c.731G>T"	"Missense_Mutation"	0.764360628225889	0.665234635426247	0.86348662102553	2
"c.733G>C"	"Missense_Mutation"	0.839375652720823	0.83839458245883	0.840356722982816	2
"c.750delC"	"Frame_Shift_Del"	0.510512430091196	0.337871732081673	0.683153128100719	2
"c.754_756delCTC"	"In_Frame_Del"	0.653732925654736	0.47109334702695	0.836372504282522	2
"c.757A>G"	"Missense_Mutation"	0.853954805705014	0.775191510532849	0.932718100877178	2
"c.763A>T"	"Missense_Mutation"	0.802706193565174	0.686013325647421	0.919399061482928	2
"c.770T>A"	"Missense_Mutation"	0.811057938909784	0.786168946446475	0.835946931373093	2
"c.772G>T"	"Nonsense_Mutation"	0.625708871520907	0.583345974770707	0.668071768271108	2
"c.774A>T"	"Missense_Mutation"	0.900121358711952	0.86493686637767	0.935305851046234	2
"c.782+1G>T"	"Splice_Site"	0.855714299544238	0.74944223868152	0.961986360406955	2
"c.783-1G>T"	"Splice_Site"	0.870078036713878	0.870078036713878	0.870078036713878	2
"c.783-2A>C"	"Splice_Site"	0.861249720917126	0.798020651022492	0.92447879081176	2
"c.783-2A>T"	"Splice_Site"	0.88730039651493	0.88730039651493	0.88730039651493	2
"c.785delG"	"Frame_Shift_Del"	0.784117597941174	0.681484995821079	0.88675020006127	2
"c.797delG"	"Frame_Shift_Del"	0.926363518751108	0.926055210642779	0.926671826859437	2
"c.799C>G"	"Missense_Mutation"	0.906424714687895	0.850887118509619	0.961962310866172	2
"c.79C>T"	"Missense_Mutation"	0.546132505486476	0.495286274542067	0.596978736430885	2
"c.800G>T"	"Missense_Mutation"	0.556523518101575	0.415645419319067	0.697401616884082	2
"c.801_818delGAACAGCTTTGAGGTGCG"	"In_Frame_Del"	0.900517336616513	0.900517336616513	0.900517336616513	2
"c.801delG"	"Frame_Shift_Del"	0.778396254532108	0.778396254532108	0.778396254532108	2
"c.808T>G"	"Missense_Mutation"	0.714008750299104	0.673499959680461	0.754517540917746	2
"c.811G>C"	"Missense_Mutation"	0.481555020412111	0.24940594324169	0.713704097582533	2
"c.815T>G"	"Missense_Mutation"	0.924610396896844	0.909319595320776	0.939901198472911	2
"c.823T>C"	"Missense_Mutation"	0.782503273226284	0.70590944408695	0.859097102365619	2
"c.824G>C"	"Missense_Mutation"	0.480319936266259	0.102992500650579	0.857647371881939	2
"c.827C>G"	"Missense_Mutation"	0.83634649699016	0.811298250758215	0.861394743222104	2
"c.833delC"	"Frame_Shift_Del"	0.768623658587569	0.761755614187575	0.775491702987563	2
"c.840A>C"	"Missense_Mutation"	0.783945015697239	0.728755429907296	0.839134601487183	2
"c.841G>C"	"Missense_Mutation"	0.779389423761851	0.764123762558876	0.794655084964826	2
"c.843C>G"	"Missense_Mutation"	0.818827772121546	0.775195618657827	0.862459925585264	2
"c.856_861delGAAGAG"	"In_Frame_Del"	0.942981576909783	0.928355659275732	0.957607494543833	2
"c.857A>C"	"Missense_Mutation"	0.878057863783154	0.878057863783154	0.878057863783154	2
"c.861G>C"	"Missense_Mutation"	0.600409938727893	0.4357157310275	0.765104146428286	2
"c.874A>T"	"Nonsense_Mutation"	0.75519811449286	0.580978461074493	0.929417767911226	2
"c.902dupC"	"Frame_Shift_Ins"	0.752591380614606	0.634856219042226	0.870326542186986	2
"c.911delC"	"Frame_Shift_Del"	0.524830800842632	0.524830800842632	0.524830800842632	2
"c.920-2A>T"	"Splice_Site"	0.914534288265274	0.883012862275817	0.94605571425473	2
"c.920-2delA"	"Splice_Site"	0.844762081570936	0.844762081570936	0.844762081570936	2
"c.942delC"	"Frame_Shift_Del"	0.915419486191493	0.915419486191493	0.915419486191493	2
"c.956delA"	"Frame_Shift_Del"	0.495482418595504	0.495482418595504	0.495482418595504	2
"c.96+1G>A"	"Splice_Site"	0.91198011561106	0.889599204966525	0.934361026255595	2
"c.96+3A>T"	"Intron"	0.942175570424377	0.942175570424377	0.942175570424377	2
"c.983delT"	"Frame_Shift_Del"	0.893929670530592	0.832670360467215	0.955188980593969	2
"c.983dupT"	"Frame_Shift_Ins"	0.896436856332418	0.8647611385506	0.928112574114237	2
"c.993+1G>C"	"Splice_Site"	0.966441045060173	0.964816165591059	0.968065924529286	2
"c.993+220A>G"	"Intron"	0.723638105645729	0.723638105645729	0.723638105645729	2
"c.993+2T>C"	"Splice_Site"	0.909676301845816	0.859849033813009	0.959503569878622	2
"c.993+328T>G"	"Intron"	0.592843790963818	0.558932097268984	0.626755484658652	2
"c.993G>A"	"Silent"	0.779336108700987	0.719803914536231	0.838868302865744	2
"c.994-1G>A"	"Splice_Site"	0.895232510114762	0.885275604173626	0.905189416055898	2
"c.994-2A>C"	"Splice_Site"	0.83368592462815	0.717863466877127	0.949508382379174	2
"c.997delC"	"Frame_Shift_Del"	0.942518369871485	0.935526337626342	0.949510402116628	2
"c.-5C>A"	"5'UTR"	0.983763277823929	0.983763277823929	0.983763277823929	1
"c.*141C>T"	"3'UTR"	0.160863614305583	0.160863614305583	0.160863614305583	1
"c.*187G>A"	"3'UTR"	0.319346513237039	0.319346513237039	0.319346513237039	1
"c.*99G>A"	"3'UTR"	0.78628844115344	0.78628844115344	0.78628844115344	1
"c.1003_1004insA"	"Frame_Shift_Ins"	0.783341931169184	0.783341931169184	0.783341931169184	1
"c.1005_1010delTGAGCG"	"In_Frame_Del"	0.770989754798749	0.770989754798749	0.770989754798749	1
"c.1007_1008delAG"	"Frame_Shift_Del"	0.800033338775662	0.800033338775662	0.800033338775662	1
"c.1010G>C"	"Missense_Mutation"	0.846944237580683	0.846944237580683	0.846944237580683	1
"c.1011_1015dupCTTCG"	"Frame_Shift_Ins"	0.0537062408536026	0.0537062408536026	0.0537062408536026	1
"c.1012T>A"	"Missense_Mutation"	0.428682620990084	0.428682620990084	0.428682620990084	1
"c.1020_1021insGAAG"	"Frame_Shift_Ins"	0.831991491296154	0.831991491296154	0.831991491296154	1
"c.1021T>G"	"Missense_Mutation"	0.542825872987335	0.542825872987335	0.542825872987335	1
"c.1023C>G"	"Missense_Mutation"	0.625075711927424	0.625075711927424	0.625075711927424	1
"c.1024_1031delCGAGAGCT"	"Frame_Shift_Del"	0.970077498713057	0.970077498713057	0.970077498713057	1
"c.1029_1033dupGCTGA"	"Nonsense_Mutation"	0.972529653185023	0.972529653185023	0.972529653185023	1
"c.1033A>G"	"Missense_Mutation"	0.63545476590788	0.63545476590788	0.63545476590788	1
"c.1035dupT"	"Frame_Shift_Ins"	0.90809245816254	0.90809245816254	0.90809245816254	1
"c.1043T>C"	"Missense_Mutation"	0.750511987590718	0.750511987590718	0.750511987590718	1
"c.1044G>T"	"Missense_Mutation"	0.953904261825559	0.953904261825559	0.953904261825559	1
"c.104delT"	"Frame_Shift_Del"	0.649121845234002	0.649121845234002	0.649121845234002	1
"c.105_106delGC"	"Frame_Shift_Del"	0.757987873096528	0.757987873096528	0.757987873096528	1
"c.1051A>G"	"Missense_Mutation"	0.553938123481182	0.553938123481182	0.553938123481182	1
"c.1063G>A"	"Missense_Mutation"	0.649121845234002	0.649121845234002	0.649121845234002	1
"c.108_133delGTCCCAAGCAATGGATGATTTGATGC"	"Frame_Shift_Del"	0.951043830386632	0.951043830386632	0.951043830386632	1
"c.1100+1G>A"	"Splice_Site"	0.895574733761188	0.895574733761188	0.895574733761188	1
"c.1101-2A>G"	"Splice_Site"	0.598401326430584	0.598401326430584	0.598401326430584	1
"c.1101-2A>T"	"Splice_Site"	0.88605193992973	0.88605193992973	0.88605193992973	1
"c.1123C>T"	"Nonsense_Mutation"	0.156566786859647	0.156566786859647	0.156566786859647	1
"c.1127C>G"	"Missense_Mutation"	0.396821318417102	0.396821318417102	0.396821318417102	1
"c.1147_1150delCTCA"	"Frame_Shift_Del"	0.702358412727169	0.702358412727169	0.702358412727169	1
"c.1169_1170delCTinsA"	"Frame_Shift_Del"	0.853167233759412	0.853167233759412	0.853167233759412	1
"c.1174_1181delTCAGACTG"	"Frame_Shift_Del"	0.759992742694167	0.759992742694167	0.759992742694167	1
"c.124delG"	"Frame_Shift_Del"	0.984243059469361	0.984243059469361	0.984243059469361	1
"c.131_143delTGCTGTCCCCGGA"	"Frame_Shift_Del"	0.828189162410325	0.828189162410325	0.828189162410325	1
"c.136_152delTCCCCGGACGATATTGA"	"Frame_Shift_Del"	0.783055298246418	0.783055298246418	0.783055298246418	1
"c.137_165delCCCCGGACGATATTGAACAATGGTTCACT"	"Frame_Shift_Del"	0.869949136843643	0.869949136843643	0.869949136843643	1
"c.140delC"	"Frame_Shift_Del"	0.733654982090995	0.733654982090995	0.733654982090995	1
"c.140dupC"	"Frame_Shift_Ins"	0.749724723690954	0.749724723690954	0.749724723690954	1
"c.142_151delGACGATATTG"	"Frame_Shift_Del"	0.715136241540671	0.715136241540671	0.715136241540671	1
"c.142delG"	"Frame_Shift_Del"	0.919924216597891	0.919924216597891	0.919924216597891	1
"c.145_160delGATATTGAACAATGGT"	"Frame_Shift_Del"	0.919745749752852	0.919745749752852	0.919745749752852	1
"c.151dupG"	"Frame_Shift_Ins"	0.825568100324427	0.825568100324427	0.825568100324427	1
"c.155_158dupAATG"	"Nonsense_Mutation"	0.809479290453019	0.809479290453019	0.809479290453019	1
"c.156dupA"	"Frame_Shift_Ins"	0.951957856767782	0.951957856767782	0.951957856767782	1
"c.158_159insT"	"Frame_Shift_Ins"	0.775520177705667	0.775520177705667	0.775520177705667	1
"c.158G>A"	"Nonsense_Mutation"	0.838712374980127	0.838712374980127	0.838712374980127	1
"c.161delT"	"Frame_Shift_Del"	0.893578487292524	0.893578487292524	0.893578487292524	1
"c.165delT"	"Frame_Shift_Del"	0.865267711627081	0.865267711627081	0.865267711627081	1
"c.166delG"	"Frame_Shift_Del"	0.873712617058254	0.873712617058254	0.873712617058254	1
"c.167_168dupAA"	"Frame_Shift_Ins"	0.779958192480414	0.779958192480414	0.779958192480414	1
"c.169G>A"	"Missense_Mutation"	0.9366223106588	0.9366223106588	0.9366223106588	1
"c.181_182delGA"	"Frame_Shift_Del"	0.921873291207387	0.921873291207387	0.921873291207387	1
"c.184delG"	"Frame_Shift_Del"	0.771598468527201	0.771598468527201	0.771598468527201	1
"c.184G>A"	"Missense_Mutation"	0.909125262350074	0.909125262350074	0.909125262350074	1
"c.189_190delTC"	"Frame_Shift_Del"	0.96281990259999	0.96281990259999	0.96281990259999	1
"c.190_191delCCinsT"	"Frame_Shift_Del"	0.928585478757141	0.928585478757141	0.928585478757141	1
"c.192dupC"	"Frame_Shift_Ins"	0.862491293079602	0.862491293079602	0.862491293079602	1
"c.193A>T"	"Nonsense_Mutation"	0.930044347362596	0.930044347362596	0.930044347362596	1
"c.196_197insCCCAGAAT"	"Frame_Shift_Ins"	0.909125262350074	0.909125262350074	0.909125262350074	1
"c.205dupG"	"Frame_Shift_Ins"	0.894886837157895	0.894886837157895	0.894886837157895	1
"c.207T>C"	"Silent"	0.987134863428878	0.987134863428878	0.987134863428878	1
"c.224_226delCTGinsTT"	"Frame_Shift_Del"	0.795218206884408	0.795218206884408	0.795218206884408	1
"c.224delC"	"Frame_Shift_Del"	0.983763277823929	0.983763277823929	0.983763277823929	1
"c.225_228dupTGCA"	"Frame_Shift_Ins"	0.817687255287223	0.817687255287223	0.817687255287223	1
"c.225delT"	"Frame_Shift_Del"	0.906045268360556	0.906045268360556	0.906045268360556	1
"c.228_247delACCAGCAGCTCCTACACCGG"	"Frame_Shift_Del"	0.964478880133007	0.964478880133007	0.964478880133007	1
"c.230C>T"	"Missense_Mutation"	0.770565135871564	0.770565135871564	0.770565135871564	1
"c.234_235delAGinsCCC"	"Frame_Shift_Ins"	0.840551048721925	0.840551048721925	0.840551048721925	1
"c.236C>T"	"Missense_Mutation"	0.940514507540936	0.940514507540936	0.940514507540936	1
"c.245delC"	"Frame_Shift_Del"	0.693133572574912	0.693133572574912	0.693133572574912	1
"c.247dupG"	"Frame_Shift_Ins"	0.93590345779738	0.93590345779738	0.93590345779738	1
"c.254delC"	"Frame_Shift_Del"	0.820618263607508	0.820618263607508	0.820618263607508	1
"c.254dupC"	"Frame_Shift_Ins"	0.982190453918737	0.982190453918737	0.982190453918737	1
"c.257_279delCACCAGCCCCCTCCTGGCCCCTG"	"Frame_Shift_Del"	0.441413129507557	0.441413129507557	0.441413129507557	1
"c.266_267dupCC"	"Frame_Shift_Ins"	0.956799801138275	0.956799801138275	0.956799801138275	1
"c.268delT"	"Frame_Shift_Del"	0.917221449890423	0.917221449890423	0.917221449890423	1
"c.269_285delCCTGGCCCCTGTCATCT"	"Frame_Shift_Del"	0.441719757953511	0.441719757953511	0.441719757953511	1
"c.273dupG"	"Frame_Shift_Ins"	0.971539581455002	0.971539581455002	0.971539581455002	1
"c.277_278delCT"	"Frame_Shift_Del"	0.703931092780679	0.703931092780679	0.703931092780679	1
"c.279_280dupGT"	"Frame_Shift_Ins"	0.874063909634567	0.874063909634567	0.874063909634567	1
"c.288_298delTGTCCCTTCCC"	"Frame_Shift_Del"	0.888357480745831	0.888357480745831	0.888357480745831	1
"c.288delT"	"Frame_Shift_Del"	0.78793680990523	0.78793680990523	0.78793680990523	1
"c.289delG"	"Frame_Shift_Del"	0.449330144495758	0.449330144495758	0.449330144495758	1
"c.291_292insG"	"Frame_Shift_Ins"	0.748953086061203	0.748953086061203	0.748953086061203	1
"c.291_325delCCCTTCCCAGAAAACCTACCAGGGCAGCTACGGTT"	"Frame_Shift_Del"	0.847070925210065	0.847070925210065	0.847070925210065	1
"c.291C>T"	"Silent"	0.167432363336396	0.167432363336396	0.167432363336396	1
"c.294_297delTTCC"	"Frame_Shift_Del"	0.918960318668283	0.918960318668283	0.918960318668283	1
"c.301A>T"	"Nonsense_Mutation"	0.922857010981464	0.922857010981464	0.922857010981464	1
"c.304delA"	"Frame_Shift_Del"	0.856899767430353	0.856899767430353	0.856899767430353	1
"c.306delC"	"Frame_Shift_Del"	0.885776735307773	0.885776735307773	0.885776735307773	1
"c.307delT"	"Frame_Shift_Del"	0.778084936610622	0.778084936610622	0.778084936610622	1
"c.307dupT"	"Frame_Shift_Ins"	0.89326225425497	0.89326225425497	0.89326225425497	1
"c.308_309dupAC"	"Frame_Shift_Ins"	0.839801275736297	0.839801275736297	0.839801275736297	1
"c.309C>A"	"Nonsense_Mutation"	0.823978912252814	0.823978912252814	0.823978912252814	1
"c.313G>A"	"Missense_Mutation"	0.854472610295573	0.854472610295573	0.854472610295573	1
"c.313G>C"	"Missense_Mutation"	0.674920228951285	0.674920228951285	0.674920228951285	1
"c.320_322delACGinsGC"	"Frame_Shift_Del"	0.960761286655798	0.960761286655798	0.960761286655798	1
"c.322_323delGG"	"Frame_Shift_Del"	0.984079273763391	0.984079273763391	0.984079273763391	1
"c.324_334delTTTCCGTCTGG"	"Frame_Shift_Del"	0.864391197379714	0.864391197379714	0.864391197379714	1
"c.325_326dupTT"	"Frame_Shift_Ins"	0.413949535810772	0.413949535810772	0.413949535810772	1
"c.326_327dupTC"	"Frame_Shift_Ins"	0.959007483095397	0.959007483095397	0.959007483095397	1
"c.328_336delCGTCTGGGC"	"In_Frame_Del"	0.920571808106279	0.920571808106279	0.920571808106279	1
"c.328C>T"	"Missense_Mutation"	0.610403278423853	0.610403278423853	0.610403278423853	1
"c.329_331delGTC"	"In_Frame_Del"	0.845876810742224	0.845876810742224	0.845876810742224	1
"c.339C>G"	"Missense_Mutation"	0.659053178808721	0.659053178808721	0.659053178808721	1
"c.341T>A"	"Nonsense_Mutation"	0.818346672564171	0.818346672564171	0.818346672564171	1
"c.343delC"	"Frame_Shift_Del"	0.951971856032449	0.951971856032449	0.951971856032449	1
"c.357C>G"	"Silent"	0.1829058026805	0.1829058026805	0.1829058026805	1
"c.357delC"	"Frame_Shift_Del"	0.819047198304071	0.819047198304071	0.819047198304071	1
"c.358_359insCTTA"	"Nonsense_Mutation"	0.886446811830871	0.886446811830871	0.886446811830871	1
"c.359delA"	"Frame_Shift_Del"	0.87240739502763	0.87240739502763	0.87240739502763	1
"c.362_363delCT"	"Frame_Shift_Del"	0.893503969967015	0.893503969967015	0.893503969967015	1
"c.362C>A"	"Missense_Mutation"	0.904442395219432	0.904442395219432	0.904442395219432	1
"c.364_368delGTGAC"	"Frame_Shift_Del"	0.90982113597568	0.90982113597568	0.90982113597568	1
"c.366_367dupGA"	"Frame_Shift_Ins"	0.946869322167974	0.946869322167974	0.946869322167974	1
"c.366dupG"	"Frame_Shift_Ins"	0.808212826063118	0.808212826063118	0.808212826063118	1
"c.370T>G"	"Missense_Mutation"	0.899043461772004	0.899043461772004	0.899043461772004	1
"c.371dupG"	"Frame_Shift_Ins"	0.751550785370293	0.751550785370293	0.751550785370293	1
"c.374C>T"	"Missense_Mutation"	0.17524920053396	0.17524920053396	0.17524920053396	1
"c.375+2T>C"	"Splice_Site"	0.822157170345368	0.822157170345368	0.822157170345368	1
"c.375G>C"	"Silent"	0.9090851889521	0.9090851889521	0.9090851889521	1
"c.376-15_382delTTCCTCTTCCTACAGTACTCCC"	"Splice_Site"	0.628547856987293	0.628547856987293	0.628547856987293	1
"c.376-1G>C"	"Splice_Site"	0.878848175484373	0.878848175484373	0.878848175484373	1
"c.379T>A"	"Missense_Mutation"	0.954683619198898	0.954683619198898	0.954683619198898	1
"c.379T>C"	"Missense_Mutation"	0.949130710199929	0.949130710199929	0.949130710199929	1
"c.380_381delCCinsA"	"Frame_Shift_Del"	0.855724941188715	0.855724941188715	0.855724941188715	1
"c.381_383delCCC"	"In_Frame_Del"	0.9145835584726	0.9145835584726	0.9145835584726	1
"c.384_387dupTGCC"	"Frame_Shift_Ins"	0.902131976565556	0.902131976565556	0.902131976565556	1
"c.389T>C"	"Missense_Mutation"	0.22551123725454	0.22551123725454	0.22551123725454	1
"c.389T>G"	"Missense_Mutation"	0.82482713991963	0.82482713991963	0.82482713991963	1
"c.390_391delCA"	"Frame_Shift_Del"	0.948222873832202	0.948222873832202	0.948222873832202	1
"c.392A>G"	"Missense_Mutation"	0.783448328672694	0.783448328672694	0.783448328672694	1
"c.392delA"	"Frame_Shift_Del"	0.808921316469858	0.808921316469858	0.808921316469858	1
"c.394A>C"	"Missense_Mutation"	0.851658677889664	0.851658677889664	0.851658677889664	1
"c.395A>C"	"Missense_Mutation"	0.872421002611504	0.872421002611504	0.872421002611504	1
"c.395A>T"	"Missense_Mutation"	0.737195801229158	0.737195801229158	0.737195801229158	1
"c.398T>G"	"Missense_Mutation"	0.862487590025751	0.862487590025751	0.862487590025751	1
"c.400T>G"	"Missense_Mutation"	0.903407267530026	0.903407267530026	0.903407267530026	1
"c.402T>A"	"Missense_Mutation"	0.852786004009508	0.852786004009508	0.852786004009508	1
"c.403dupT"	"Frame_Shift_Ins"	0.834414683695812	0.834414683695812	0.834414683695812	1
"c.407_409delAAC"	"In_Frame_Del"	0.907011484393398	0.907011484393398	0.907011484393398	1
"c.408_411delACTG"	"Frame_Shift_Del"	0.778916632989586	0.778916632989586	0.778916632989586	1
"c.408A>T"	"Missense_Mutation"	0.882201996266429	0.882201996266429	0.882201996266429	1
"c.410T>A"	"Missense_Mutation"	0.978634018481172	0.978634018481172	0.978634018481172	1
"c.411_425delGGCCAAGACCTGCCC"	"In_Frame_Del"	0.919366092237619	0.919366092237619	0.919366092237619	1
"c.412G>A"	"Missense_Mutation"	0.309333336995729	0.309333336995729	0.309333336995729	1
"c.414_425delCAAGACCTGCCC"	"In_Frame_Del"	0.612976039038716	0.612976039038716	0.612976039038716	1
"c.414_427delCAAGACCTGCCCTG"	"Frame_Shift_Del"	0.914911550026026	0.914911550026026	0.914911550026026	1
"c.415_425delAAGACCTGCCC"	"Frame_Shift_Del"	0.880305913405177	0.880305913405177	0.880305913405177	1
"c.416_424delAGACCTGCC"	"In_Frame_Del"	0.833156539101863	0.833156539101863	0.833156539101863	1
"c.417_418delGA"	"Frame_Shift_Del"	0.776619845792703	0.776619845792703	0.776619845792703	1
"c.417G>T"	"Missense_Mutation"	0.664377576442997	0.664377576442997	0.664377576442997	1
"c.419_425delCCTGCCC"	"Frame_Shift_Del"	0.899258727800495	0.899258727800495	0.899258727800495	1
"c.422G>C"	"Missense_Mutation"	0.781771406863245	0.781771406863245	0.781771406863245	1
"c.423_427dupCCCTG"	"Frame_Shift_Ins"	0.771474229426129	0.771474229426129	0.771474229426129	1
"c.423C>A"	"Nonsense_Mutation"	0.914861218085211	0.914861218085211	0.914861218085211	1
"c.424_426delCCT"	"In_Frame_Del"	0.893210743269221	0.893210743269221	0.893210743269221	1
"c.425C>T"	"Missense_Mutation"	0.446392618664582	0.446392618664582	0.446392618664582	1
"c.425delC"	"Frame_Shift_Del"	0.929543080578204	0.929543080578204	0.929543080578204	1
"c.426_453delTGTGCAGCTGTGGGTTGATTCCACACCC"	"Frame_Shift_Del"	0.639810407015082	0.639810407015082	0.639810407015082	1
"c.428T>A"	"Missense_Mutation"	0.744264294067732	0.744264294067732	0.744264294067732	1
"c.429_430insA"	"Frame_Shift_Ins"	0.923721926153817	0.923721926153817	0.923721926153817	1
"c.429_435delGCAGCTG"	"Frame_Shift_Del"	0.664256799120097	0.664256799120097	0.664256799120097	1
"c.430_435dupCAGCTG"	"In_Frame_Ins"	0.931496003309386	0.931496003309386	0.931496003309386	1
"c.430delCinsTT"	"Frame_Shift_Ins"	0.96317071501443	0.96317071501443	0.96317071501443	1
"c.431A>C"	"Missense_Mutation"	0.830081095129243	0.830081095129243	0.830081095129243	1
"c.431A>T"	"Missense_Mutation"	0.8144568977801	0.8144568977801	0.8144568977801	1
"c.432G>T"	"Missense_Mutation"	0.477783284600327	0.477783284600327	0.477783284600327	1
"c.434dupT"	"Frame_Shift_Ins"	0.710979785162713	0.710979785162713	0.710979785162713	1
"c.437G>C"	"Missense_Mutation"	0.927480017326511	0.927480017326511	0.927480017326511	1
"c.439_444dupGTTGAT"	"In_Frame_Ins"	0.839801275736297	0.839801275736297	0.839801275736297	1
"c.439delG"	"Frame_Shift_Del"	0.862288823979632	0.862288823979632	0.862288823979632	1
"c.441delT"	"Frame_Shift_Del"	0.682371847345913	0.682371847345913	0.682371847345913	1
"c.442G>A"	"Missense_Mutation"	0.856919356031963	0.856919356031963	0.856919356031963	1
"c.445delT"	"Frame_Shift_Del"	0.62309060218569	0.62309060218569	0.62309060218569	1
"c.448_460delACACCCCCGCCCG"	"Frame_Shift_Del"	0.874651113456137	0.874651113456137	0.874651113456137	1
"c.453_477delCCCGCCCGGCACCCGCGTCCGCGCC"	"Frame_Shift_Del"	0.93281302200277	0.93281302200277	0.93281302200277	1
"c.454_455dupCC"	"Frame_Shift_Ins"	0.869708678901753	0.869708678901753	0.869708678901753	1
"c.454_466delCCGCCCGGCACCC"	"Frame_Shift_Del"	0.687379412641962	0.687379412641962	0.687379412641962	1
"c.455_456insT"	"Frame_Shift_Ins"	0.927469637274159	0.927469637274159	0.927469637274159	1
"c.456delG"	"Frame_Shift_Del"	0.837330229747243	0.837330229747243	0.837330229747243	1
"c.459_477delCGGCACCCGCGTCCGCGCC"	"Frame_Shift_Del"	0.737495033804478	0.737495033804478	0.737495033804478	1
"c.459dupC"	"Frame_Shift_Ins"	0.937990762016768	0.937990762016768	0.937990762016768	1
"c.461_463delGCAinsCC"	"Frame_Shift_Del"	0.856119049298169	0.856119049298169	0.856119049298169	1
"c.462_472delCACCCGCGTCCinsGT"	"In_Frame_Del"	0.943275291032788	0.943275291032788	0.943275291032788	1
"c.463_466dupACCC"	"Frame_Shift_Ins"	0.941028462521316	0.941028462521316	0.941028462521316	1
"c.463_474delACCCGCGTCCGC"	"In_Frame_Del"	0.777506876451047	0.777506876451047	0.777506876451047	1
"c.464_467delCCCGinsA"	"In_Frame_Del"	0.512616062185992	0.512616062185992	0.512616062185992	1
"c.464_484delCCCGCGTCCGCGCCATGGCCA"	"In_Frame_Del"	0.879152336173667	0.879152336173667	0.879152336173667	1
"c.465_469delCCGCGinsACGCGC"	"Frame_Shift_Ins"	0.95589818044783	0.95589818044783	0.95589818044783	1
"c.466_468delCGC"	"In_Frame_Del"	0.89956186083302	0.89956186083302	0.89956186083302	1
"c.466_472delCGCGTCC"	"Frame_Shift_Del"	0.782202302956465	0.782202302956465	0.782202302956465	1
"c.466C>G"	"Missense_Mutation"	0.631247853987941	0.631247853987941	0.631247853987941	1
"c.467_470delGCGT"	"Frame_Shift_Del"	0.860247222719789	0.860247222719789	0.860247222719789	1
"c.467G>A"	"Missense_Mutation"	0.607598452400961	0.607598452400961	0.607598452400961	1
"c.468delC"	"Frame_Shift_Del"	0.905515216848631	0.905515216848631	0.905515216848631	1
"c.469_476delGTCCGCGC"	"Frame_Shift_Del"	0.955644942319548	0.955644942319548	0.955644942319548	1
"c.469_531delGTCCGCGCCATGGCCATCTACAAGCAGTCACAGCACATGACGGAGGTTGTGAGGCGCTGCCCC"	"In_Frame_Del"	0.769245027701414	0.769245027701414	0.769245027701414	1
"c.470_475dupTCCGCG"	"In_Frame_Ins"	0.813375241659959	0.813375241659959	0.813375241659959	1
"c.473G>C"	"Missense_Mutation"	0.903337455145685	0.903337455145685	0.903337455145685	1
"c.476_480delCCATG"	"Frame_Shift_Del"	0.549367793908803	0.549367793908803	0.549367793908803	1
"c.479_483dupTGGCC"	"Frame_Shift_Ins"	0.923303304717227	0.923303304717227	0.923303304717227	1
"c.480G>T"	"Missense_Mutation"	0.817764944054326	0.817764944054326	0.817764944054326	1
"c.481_486delGCCATC"	"In_Frame_Del"	0.881057366124041	0.881057366124041	0.881057366124041	1
"c.481G>C"	"Missense_Mutation"	0.894232807144562	0.894232807144562	0.894232807144562	1
"c.482_500delCCATCTACAAGCAGTCACA"	"Frame_Shift_Del"	0.875021322780834	0.875021322780834	0.875021322780834	1
"c.483_502delCATCTACAAGCAGTCACAGC"	"Frame_Shift_Del"	0.860401697152509	0.860401697152509	0.860401697152509	1
"c.484_486dupATC"	"In_Frame_Ins"	0.973112922209068	0.973112922209068	0.973112922209068	1
"c.485_487delTCT"	"In_Frame_Del"	0.649011609882962	0.649011609882962	0.649011609882962	1
"c.485delT"	"Frame_Shift_Del"	0.948589395233934	0.948589395233934	0.948589395233934	1
"c.485T>A"	"Missense_Mutation"	0.701750866638909	0.701750866638909	0.701750866638909	1
"c.487T>G"	"Missense_Mutation"	0.812410921042175	0.812410921042175	0.812410921042175	1
"c.489C>G"	"Nonsense_Mutation"	0.902296545765042	0.902296545765042	0.902296545765042	1
"c.490A>G"	"Missense_Mutation"	0.894814203987663	0.894814203987663	0.894814203987663	1
"c.491_494delAGCA"	"Frame_Shift_Del"	0.812447675284168	0.812447675284168	0.812447675284168	1
"c.491delA"	"Frame_Shift_Del"	0.894676499271291	0.894676499271291	0.894676499271291	1
"c.493_521delCAGTCACAGCACATGACGGAGGTTGTGAG"	"Frame_Shift_Del"	0.811612290305627	0.811612290305627	0.811612290305627	1
"c.494_495insTGCT"	"Frame_Shift_Ins"	0.436861774677194	0.436861774677194	0.436861774677194	1
"c.497_498insT"	"Frame_Shift_Ins"	0.92216405435528	0.92216405435528	0.92216405435528	1
"c.497C>A"	"Nonsense_Mutation"	0.648529614302235	0.648529614302235	0.648529614302235	1
"c.501delG"	"Frame_Shift_Del"	0.765443545962038	0.765443545962038	0.765443545962038	1
"c.502_515delCACATGACGGAGGT"	"Frame_Shift_Del"	0.587028113498123	0.587028113498123	0.587028113498123	1
"c.503A>C"	"Missense_Mutation"	0.926584413682853	0.926584413682853	0.926584413682853	1
"c.503A>G"	"Missense_Mutation"	0.926309670560817	0.926309670560817	0.926309670560817	1
"c.511_514delGAGG"	"Frame_Shift_Del"	0.927659344669311	0.927659344669311	0.927659344669311	1
"c.511delG"	"Frame_Shift_Del"	0.671864566631954	0.671864566631954	0.671864566631954	1
"c.512delA"	"Frame_Shift_Del"	0.896380973553175	0.896380973553175	0.896380973553175	1
"c.514delG"	"Frame_Shift_Del"	0.907986797855815	0.907986797855815	0.907986797855815	1
"c.515T>G"	"Missense_Mutation"	0.898471120491912	0.898471120491912	0.898471120491912	1
"c.516_524delTGTGAGGCG"	"In_Frame_Del"	0.809191546310215	0.809191546310215	0.809191546310215	1
"c.518_519insCGT"	"In_Frame_Ins"	0.749487534361918	0.749487534361918	0.749487534361918	1
"c.518_533delTGAGGCGCTGCCCCCA"	"Frame_Shift_Del"	0.868808959743741	0.868808959743741	0.868808959743741	1
"c.518T>C"	"Missense_Mutation"	0.712938888639408	0.712938888639408	0.712938888639408	1
"c.523C>T"	"Missense_Mutation"	0.917115201075784	0.917115201075784	0.917115201075784	1
"c.524G>T"	"Missense_Mutation"	0.666165925681502	0.666165925681502	0.666165925681502	1
"c.526_528dupTGC"	"In_Frame_Ins"	0.87445519594945	0.87445519594945	0.87445519594945	1
"c.526T>A"	"Missense_Mutation"	0.874394757370923	0.874394757370923	0.874394757370923	1
"c.527_528insA"	"Nonsense_Mutation"	0.979474108455383	0.979474108455383	0.979474108455383	1
"c.527_533delGCCCCCAinsCCCCCC"	"Frame_Shift_Del"	0.868101730187907	0.868101730187907	0.868101730187907	1
"c.527G>C"	"Missense_Mutation"	0.916233632702386	0.916233632702386	0.916233632702386	1
"c.529C>A"	"Missense_Mutation"	0.779045861408306	0.779045861408306	0.779045861408306	1
"c.529C>T"	"Missense_Mutation"	0.893305996138629	0.893305996138629	0.893305996138629	1
"c.530C>A"	"Missense_Mutation"	0.608671509494382	0.608671509494382	0.608671509494382	1
"c.530C>T"	"Missense_Mutation"	0.430296865301277	0.430296865301277	0.430296865301277	1
"c.531_532dupCC"	"Frame_Shift_Ins"	0.786140051939329	0.786140051939329	0.786140051939329	1
"c.531_548delCCACCATGAGCGCTGCTC"	"In_Frame_Del"	0.927476721299706	0.927476721299706	0.927476721299706	1
"c.532_533delCAinsT"	"Frame_Shift_Del"	0.933065902362576	0.933065902362576	0.933065902362576	1
"c.532C>G"	"Missense_Mutation"	0.759383615396423	0.759383615396423	0.759383615396423	1
"c.533dupA"	"Frame_Shift_Ins"	0.716442853130438	0.716442853130438	0.716442853130438	1
"c.534C>A"	"Missense_Mutation"	0.645958279579843	0.645958279579843	0.645958279579843	1
"c.536A>C"	"Missense_Mutation"	0.888321697863801	0.888321697863801	0.888321697863801	1
"c.537T>A"	"Missense_Mutation"	0.846752750601695	0.846752750601695	0.846752750601695	1
"c.537T>G"	"Missense_Mutation"	0.85948155418377	0.85948155418377	0.85948155418377	1
"c.538_552delGAGCGCTGCTCAGAT"	"In_Frame_Del"	0.679889849694097	0.679889849694097	0.679889849694097	1
"c.540_557delGCGCTGCTCAGATAGCGA"	"In_Frame_Del"	0.912684541211969	0.912684541211969	0.912684541211969	1
"c.541C>T"	"Missense_Mutation"	0.190009731386072	0.190009731386072	0.190009731386072	1
"c.542G>C"	"Missense_Mutation"	0.760514492230897	0.760514492230897	0.760514492230897	1
"c.548C>A"	"Nonsense_Mutation"	0.377068192196219	0.377068192196219	0.377068192196219	1
"c.551_554delATAG"	"Frame_Shift_Del"	0.923550225604534	0.923550225604534	0.923550225604534	1
"c.555C>T"	"Silent"	0.446834049298966	0.446834049298966	0.446834049298966	1
"c.557delA"	"Frame_Shift_Del"	0.754689512889968	0.754689512889968	0.754689512889968	1
"c.559+2delT"	"Splice_Site"	0.780324156680422	0.780324156680422	0.780324156680422	1
"c.559+2T>C"	"Splice_Site"	0.71501822722001	0.71501822722001	0.71501822722001	1
"c.559+2T>G"	"Splice_Site"	0.884106618326343	0.884106618326343	0.884106618326343	1
"c.559G>A"	"Missense_Mutation"	0.43280404518994	0.43280404518994	0.43280404518994	1
"c.560-2A>G"	"Splice_Site"	0.915660013308173	0.915660013308173	0.915660013308173	1
"c.561_562insA"	"Frame_Shift_Ins"	0.882183350960011	0.882183350960011	0.882183350960011	1
"c.562_563delCT"	"Frame_Shift_Del"	0.7626854956659	0.7626854956659	0.7626854956659	1
"c.566_582delCCCCTCCTCAGCATCTT"	"Frame_Shift_Del"	0.854833223360081	0.854833223360081	0.854833223360081	1
"c.569C>G"	"Missense_Mutation"	0.866454045391329	0.866454045391329	0.866454045391329	1
"c.572_587delCTCAGCATCTTATCCG"	"Frame_Shift_Del"	0.960630016433015	0.960630016433015	0.960630016433015	1
"c.575_580delAGCATC"	"In_Frame_Del"	0.80876448760966	0.80876448760966	0.80876448760966	1
"c.575A>G"	"Missense_Mutation"	0.680879266009416	0.680879266009416	0.680879266009416	1
"c.576_578delGCA"	"In_Frame_Del"	0.640142868948485	0.640142868948485	0.640142868948485	1
"c.577C>G"	"Missense_Mutation"	0.977419616965939	0.977419616965939	0.977419616965939	1
"c.581_585delTTATC"	"Frame_Shift_Del"	0.684612546291327	0.684612546291327	0.684612546291327	1
"c.582delT"	"Frame_Shift_Del"	0.744398679558399	0.744398679558399	0.744398679558399	1
"c.582dupT"	"Frame_Shift_Ins"	0.818871425082721	0.818871425082721	0.818871425082721	1
"c.585C>G"	"Missense_Mutation"	0.498919449786401	0.498919449786401	0.498919449786401	1
"c.588_612delAGTGGAAGGAAATTTGCGTGTGGAG"	"Frame_Shift_Del"	0.846293605185846	0.846293605185846	0.846293605185846	1
"c.589G>A"	"Missense_Mutation"	0.566811528476805	0.566811528476805	0.566811528476805	1
"c.58delT"	"Frame_Shift_Del"	0.543457267963215	0.543457267963215	0.543457267963215	1
"c.592dupG"	"Frame_Shift_Ins"	0.922309963691665	0.922309963691665	0.922309963691665	1
"c.594delA"	"Frame_Shift_Del"	0.89480411883594	0.89480411883594	0.89480411883594	1
"c.595_598delGGAA"	"Frame_Shift_Del"	0.948885747628459	0.948885747628459	0.948885747628459	1
"c.59C>G"	"Nonsense_Mutation"	0.91953243541114	0.91953243541114	0.91953243541114	1
"c.602dupT"	"Frame_Shift_Ins"	0.900102382923683	0.900102382923683	0.900102382923683	1
"c.604_618delCGTGTGGAGTATTTG"	"In_Frame_Del"	0.799248183427524	0.799248183427524	0.799248183427524	1
"c.607delG"	"Frame_Shift_Del"	0.637273557645204	0.637273557645204	0.637273557645204	1
"c.607G>T"	"Missense_Mutation"	0.554215687276394	0.554215687276394	0.554215687276394	1
"c.608_609delTG"	"Frame_Shift_Del"	0.868732202830095	0.868732202830095	0.868732202830095	1
"c.608delT"	"Frame_Shift_Del"	0.924241450170127	0.924241450170127	0.924241450170127	1
"c.610delG"	"Frame_Shift_Del"	0.956748249110312	0.956748249110312	0.956748249110312	1
"c.610G>C"	"Missense_Mutation"	0.856919356031963	0.856919356031963	0.856919356031963	1
"c.611_612delAG"	"Frame_Shift_Del"	0.713932198181265	0.713932198181265	0.713932198181265	1
"c.612G>C"	"Missense_Mutation"	0.921873291207387	0.921873291207387	0.921873291207387	1
"c.613T>G"	"Missense_Mutation"	0.91662938784046	0.91662938784046	0.91662938784046	1
"c.614A>T"	"Missense_Mutation"	0.534549726822281	0.534549726822281	0.534549726822281	1
"c.614dupA"	"Nonsense_Mutation"	0.875470055215339	0.875470055215339	0.875470055215339	1
"c.615T>A"	"Nonsense_Mutation"	0.920351137146148	0.920351137146148	0.920351137146148	1
"c.617delT"	"Frame_Shift_Del"	0.80839122970291	0.80839122970291	0.80839122970291	1
"c.619_634delGATGACAGAAACACTT"	"Frame_Shift_Del"	0.776576202997309	0.776576202997309	0.776576202997309	1
"c.619delG"	"Frame_Shift_Del"	0.9282711114928	0.9282711114928	0.9282711114928	1
"c.622G>A"	"Missense_Mutation"	0.734403965324078	0.734403965324078	0.734403965324078	1
"c.623A>T"	"Missense_Mutation"	0.451998706029689	0.451998706029689	0.451998706029689	1
"c.626G>A"	"Missense_Mutation"	0.943918272426169	0.943918272426169	0.943918272426169	1
"c.629delA"	"Frame_Shift_Del"	0.959124865037458	0.959124865037458	0.959124865037458	1
"c.631delA"	"Frame_Shift_Del"	0.920214760876027	0.920214760876027	0.920214760876027	1
"c.632_643delCTTTTCGACATA"	"In_Frame_Del"	0.95143448010951	0.95143448010951	0.95143448010951	1
"c.637C>G"	"Missense_Mutation"	0.52312429112053	0.52312429112053	0.52312429112053	1
"c.638G>C"	"Missense_Mutation"	0.697349658235581	0.697349658235581	0.697349658235581	1
"c.641A>T"	"Missense_Mutation"	0.428731999076403	0.428731999076403	0.428731999076403	1
"c.642delT"	"Frame_Shift_Del"	0.883013935057084	0.883013935057084	0.883013935057084	1
"c.643dupA"	"Frame_Shift_Ins"	0.853143744979546	0.853143744979546	0.853143744979546	1
"c.647T>G"	"Missense_Mutation"	0.910924671684202	0.910924671684202	0.910924671684202	1
"c.648_649dupGG"	"Frame_Shift_Ins"	0.627511291177863	0.627511291177863	0.627511291177863	1
"c.64delC"	"Frame_Shift_Del"	0.876998604490306	0.876998604490306	0.876998604490306	1
"c.652_654delGTG"	"In_Frame_Del"	0.875346629723371	0.875346629723371	0.875346629723371	1
"c.652delG"	"Frame_Shift_Del"	0.762423367132417	0.762423367132417	0.762423367132417	1
"c.653T>A"	"Missense_Mutation"	0.880741777089357	0.880741777089357	0.880741777089357	1
"c.654dupG"	"Frame_Shift_Ins"	0.699169503840521	0.699169503840521	0.699169503840521	1
"c.655C>A"	"Missense_Mutation"	0.880741777089357	0.880741777089357	0.880741777089357	1
"c.656_657delCC"	"Frame_Shift_Del"	0.636518813253377	0.636518813253377	0.636518813253377	1
"c.657delC"	"Frame_Shift_Del"	0.827131721960569	0.827131721960569	0.827131721960569	1
"c.659_669delATGAGCCGCCT"	"Frame_Shift_Del"	0.800967467206724	0.800967467206724	0.800967467206724	1
"c.660T>A"	"Nonsense_Mutation"	0.916335834308343	0.916335834308343	0.916335834308343	1
"c.662_666delAGCCG"	"Frame_Shift_Del"	0.795264273956707	0.795264273956707	0.795264273956707	1
"c.667_672+1dupCCTGAGG"	"Splice_Site"	0.892141602065183	0.892141602065183	0.892141602065183	1
"c.668_669insA"	"Frame_Shift_Ins"	0.955597657616935	0.955597657616935	0.955597657616935	1
"c.669_670delTG"	"Frame_Shift_Del"	0.722589233940023	0.722589233940023	0.722589233940023	1
"c.672+2T>A"	"Splice_Site"	0.720446511339526	0.720446511339526	0.720446511339526	1
"c.673-1G>T"	"Splice_Site"	0.869925151066894	0.869925151066894	0.869925151066894	1
"c.673-5_682delCCTAGGTTGGCTCTG"	"Splice_Site"	0.801355171930868	0.801355171930868	0.801355171930868	1
"c.675delT"	"Frame_Shift_Del"	0.93169508154417	0.93169508154417	0.93169508154417	1
"c.680_681delCTinsA"	"Frame_Shift_Del"	0.882949485521078	0.882949485521078	0.882949485521078	1
"c.682G>A"	"Missense_Mutation"	0.85496872681473	0.85496872681473	0.85496872681473	1
"c.683_686delACTG"	"Frame_Shift_Del"	0.641128089183496	0.641128089183496	0.641128089183496	1
"c.684C>G"	"Missense_Mutation"	0.853500526426265	0.853500526426265	0.853500526426265	1
"c.685_696delTGTACCACCATC"	"In_Frame_Del"	0.845695159889782	0.845695159889782	0.845695159889782	1
"c.686delG"	"Frame_Shift_Del"	0.89833896112437	0.89833896112437	0.89833896112437	1
"c.687_688delTA"	"Frame_Shift_Del"	0.901183923225046	0.901183923225046	0.901183923225046	1
"c.687_692delTACCAC"	"In_Frame_Del"	0.641667050390841	0.641667050390841	0.641667050390841	1
"c.687T>A"	"Nonsense_Mutation"	0.397167502347005	0.397167502347005	0.397167502347005	1
"c.688A>C"	"Missense_Mutation"	0.696691563289637	0.696691563289637	0.696691563289637	1
"c.695_698dupTCCA"	"Frame_Shift_Ins"	0.939029307754471	0.939029307754471	0.939029307754471	1
"c.699_705delCTACAAC"	"Frame_Shift_Del"	0.927532059160177	0.927532059160177	0.927532059160177	1
"c.69G>A"	"Nonsense_Mutation"	0.714217443258108	0.714217443258108	0.714217443258108	1
"c.701A>C"	"Missense_Mutation"	0.868190469761271	0.868190469761271	0.868190469761271	1
"c.706T>C"	"Missense_Mutation"	0.883319753555174	0.883319753555174	0.883319753555174	1
"c.706T>G"	"Missense_Mutation"	0.92789906062763	0.92789906062763	0.92789906062763	1
"c.708C>G"	"Nonsense_Mutation"	0.941742860717419	0.941742860717419	0.941742860717419	1
"c.709A>T"	"Missense_Mutation"	0.960493652650928	0.960493652650928	0.960493652650928	1
"c.709delA"	"Frame_Shift_Del"	0.861587381016787	0.861587381016787	0.861587381016787	1
"c.710_718delTGTGTAACA"	"In_Frame_Del"	0.878604243602214	0.878604243602214	0.878604243602214	1
"c.712_729delTGTAACAGTTCCTGCATG"	"In_Frame_Del"	0.918541895499662	0.918541895499662	0.918541895499662	1
"c.712T>A"	"Missense_Mutation"	0.856886716804688	0.856886716804688	0.856886716804688	1
"c.712T>G"	"Missense_Mutation"	0.911718949159591	0.911718949159591	0.911718949159591	1
"c.713_714delGT"	"Frame_Shift_Del"	0.965230440865206	0.965230440865206	0.965230440865206	1
"c.713_715delGTA"	"In_Frame_Del"	0.957684351552672	0.957684351552672	0.957684351552672	1
"c.713delG"	"Frame_Shift_Del"	0.947330776087376	0.947330776087376	0.947330776087376	1
"c.713G>C"	"Missense_Mutation"	0.944285240193275	0.944285240193275	0.944285240193275	1
"c.714T>G"	"Missense_Mutation"	0.665500047727299	0.665500047727299	0.665500047727299	1
"c.715_720delAACAGT"	"In_Frame_Del"	0.879176463054681	0.879176463054681	0.879176463054681	1
"c.715_723delAACAGTTCC"	"In_Frame_Del"	0.823707232767025	0.823707232767025	0.823707232767025	1
"c.718A>G"	"Missense_Mutation"	0.130060342001001	0.130060342001001	0.130060342001001	1
"c.718dupA"	"Frame_Shift_Ins"	0.660789949344973	0.660789949344973	0.660789949344973	1
"c.720T>G"	"Missense_Mutation"	0.814807551285525	0.814807551285525	0.814807551285525	1
"c.721T>G"	"Missense_Mutation"	0.811666600990717	0.811666600990717	0.811666600990717	1
"c.726C>A"	"Nonsense_Mutation"	0.702558194187691	0.702558194187691	0.702558194187691	1
"c.729G>T"	"Missense_Mutation"	0.784029065402992	0.784029065402992	0.784029065402992	1
"c.730_736delGGCGGCA"	"Frame_Shift_Del"	0.851981913171112	0.851981913171112	0.851981913171112	1
"c.730G>C"	"Missense_Mutation"	0.879763592642485	0.879763592642485	0.879763592642485	1
"c.731delG"	"Frame_Shift_Del"	0.947303564679684	0.947303564679684	0.947303564679684	1
"c.737T>C"	"Missense_Mutation"	0.848078192991039	0.848078192991039	0.848078192991039	1
"c.737T>G"	"Missense_Mutation"	0.659372187483925	0.659372187483925	0.659372187483925	1
"c.738G>C"	"Missense_Mutation"	0.505529270162848	0.505529270162848	0.505529270162848	1
"c.738G>T"	"Missense_Mutation"	0.423220881813749	0.423220881813749	0.423220881813749	1
"c.740A>T"	"Missense_Mutation"	0.616668052158	0.616668052158	0.616668052158	1
"c.742C>G"	"Missense_Mutation"	0.777861543664091	0.777861543664091	0.777861543664091	1
"c.743_750delGGAGGCCC"	"Frame_Shift_Del"	0.630997067726704	0.630997067726704	0.630997067726704	1
"c.744delG"	"Frame_Shift_Del"	0.906584044490983	0.906584044490983	0.906584044490983	1
"c.745_751delAGGCCCAinsTTCCCT"	"Frame_Shift_Del"	0.812286539395895	0.812286539395895	0.812286539395895	1
"c.746G>C"	"Missense_Mutation"	0.791726538975238	0.791726538975238	0.791726538975238	1
"c.749_750delCC"	"Frame_Shift_Del"	0.93663783056037	0.93663783056037	0.93663783056037	1
"c.749_751delCCA"	"In_Frame_Del"	0.890953814523084	0.890953814523084	0.890953814523084	1
"c.749C>G"	"Missense_Mutation"	0.802117110269889	0.802117110269889	0.802117110269889	1
"c.75-1G>C"	"Splice_Site"	0.178643177936992	0.178643177936992	0.178643177936992	1
"c.75-1G>T"	"Splice_Site"	0.214996723262468	0.214996723262468	0.214996723262468	1
"c.75-2A>G"	"Splice_Site"	0.863102747979904	0.863102747979904	0.863102747979904	1
"c.751A>T"	"Missense_Mutation"	0.942870883728984	0.942870883728984	0.942870883728984	1
"c.752T>A"	"Missense_Mutation"	0.933951848239366	0.933951848239366	0.933951848239366	1
"c.752T>G"	"Missense_Mutation"	0.909968747017171	0.909968747017171	0.909968747017171	1
"c.753_754delCCinsA"	"Frame_Shift_Del"	0.915819620570088	0.915819620570088	0.915819620570088	1
"c.754_762delCTCACCATC"	"In_Frame_Del"	0.931629946759946	0.931629946759946	0.931629946759946	1
"c.754delC"	"Frame_Shift_Del"	0.955000881564245	0.955000881564245	0.955000881564245	1
"c.755_757delTCA"	"In_Frame_Del"	0.952798713655778	0.952798713655778	0.952798713655778	1
"c.755dupT"	"Frame_Shift_Ins"	0.963168409594283	0.963168409594283	0.963168409594283	1
"c.755T>C"	"Missense_Mutation"	0.699653246352118	0.699653246352118	0.699653246352118	1
"c.758_760dupCCA"	"In_Frame_Ins"	0.827913502285928	0.827913502285928	0.827913502285928	1
"c.758C>A"	"Missense_Mutation"	0.94146957811853	0.94146957811853	0.94146957811853	1
"c.764dupT"	"Frame_Shift_Ins"	0.922729126589082	0.922729126589082	0.922729126589082	1
"c.764T>A"	"Missense_Mutation"	0.468176814922023	0.468176814922023	0.468176814922023	1
"c.764T>C"	"Missense_Mutation"	0.795459794302926	0.795459794302926	0.795459794302926	1
"c.764T>G"	"Missense_Mutation"	0.635974503095071	0.635974503095071	0.635974503095071	1
"c.766_767insTA"	"Frame_Shift_Ins"	0.900091771801606	0.900091771801606	0.900091771801606	1
"c.766dupA"	"Frame_Shift_Ins"	0.970337335931029	0.970337335931029	0.970337335931029	1
"c.767C>T"	"Missense_Mutation"	0.487294845011047	0.487294845011047	0.487294845011047	1
"c.769dupC"	"Frame_Shift_Ins"	0.698472196312708	0.698472196312708	0.698472196312708	1
"c.770T>C"	"Missense_Mutation"	0.639324833709537	0.639324833709537	0.639324833709537	1
"c.770T>G"	"Missense_Mutation"	0.479691260513087	0.479691260513087	0.479691260513087	1
"c.771_778delGGAAGACT"	"Frame_Shift_Del"	0.862938843343936	0.862938843343936	0.862938843343936	1
"c.773_782+1delAAGACTCCAGG"	"Splice_Site"	0.46112912605702	0.46112912605702	0.46112912605702	1
"c.773A>C"	"Missense_Mutation"	0.776120363115588	0.776120363115588	0.776120363115588	1
"c.773A>G"	"Missense_Mutation"	0.931024196491386	0.931024196491386	0.931024196491386	1
"c.775G>A"	"Missense_Mutation"	0.366343585539706	0.366343585539706	0.366343585539706	1
"c.777_778delCTinsA"	"Frame_Shift_Del"	0.750511987590718	0.750511987590718	0.750511987590718	1
"c.782+2T>G"	"Splice_Site"	0.920766650079726	0.920766650079726	0.920766650079726	1
"c.782+3C>G"	"Intron"	0.949239229370263	0.949239229370263	0.949239229370263	1
"c.783-19_800delCTTTTCCTATCCTGAGTAGTGGTAATCTACTGGGACG"	"Splice_Site"	0.888928049987954	0.888928049987954	0.888928049987954	1
"c.783-1G>A"	"Splice_Site"	0.956639466800629	0.956639466800629	0.956639466800629	1
"c.783-3_786delTAGTGGT"	"Splice_Site"	0.961914547165313	0.961914547165313	0.961914547165313	1
"c.783-8_799delCTGAGTAGTGGTAATCTACTGGGAC"	"Splice_Site"	0.841912416925696	0.841912416925696	0.841912416925696	1
"c.784_786delGGT"	"In_Frame_Del"	0.731288007532556	0.731288007532556	0.731288007532556	1
"c.787_788delAA"	"Frame_Shift_Del"	0.930218314340414	0.930218314340414	0.930218314340414	1
"c.788delA"	"Frame_Shift_Del"	0.854338770817766	0.854338770817766	0.854338770817766	1
"c.789_790delTCinsGTT"	"Frame_Shift_Ins"	0.921539678052714	0.921539678052714	0.921539678052714	1
"c.789delT"	"Frame_Shift_Del"	0.822688930499695	0.822688930499695	0.822688930499695	1
"c.792dupA"	"Frame_Shift_Ins"	0.982670835314934	0.982670835314934	0.982670835314934	1
"c.796G>C"	"Missense_Mutation"	0.749950064319637	0.749950064319637	0.749950064319637	1
"c.800G>A"	"Missense_Mutation"	0.607598452400961	0.607598452400961	0.607598452400961	1
"c.801_804delGAACinsATA"	"Frame_Shift_Del"	0.850264646617628	0.850264646617628	0.850264646617628	1
"c.804delC"	"Frame_Shift_Del"	0.784029065402992	0.784029065402992	0.784029065402992	1
"c.806_807delGC"	"Frame_Shift_Del"	0.678244101521862	0.678244101521862	0.678244101521862	1
"c.806_811delGCTTTG"	"In_Frame_Del"	0.892296348820621	0.892296348820621	0.892296348820621	1
"c.808T>A"	"Missense_Mutation"	0.973764367724555	0.973764367724555	0.973764367724555	1
"c.808T>C"	"Missense_Mutation"	0.768345922874876	0.768345922874876	0.768345922874876	1
"c.810dupT"	"Frame_Shift_Ins"	0.916380043566364	0.916380043566364	0.916380043566364	1
"c.814delG"	"Frame_Shift_Del"	0.892508347099333	0.892508347099333	0.892508347099333	1
"c.815T>C"	"Missense_Mutation"	0.388118414744741	0.388118414744741	0.388118414744741	1
"c.817C>G"	"Missense_Mutation"	0.750787458379504	0.750787458379504	0.750787458379504	1
"c.818delG"	"Frame_Shift_Del"	0.771707029828456	0.771707029828456	0.771707029828456	1
"c.819_836delTGTTTGTGCCTGTCCTGG"	"In_Frame_Del"	0.950249170180495	0.950249170180495	0.950249170180495	1
"c.820_822dupGTT"	"In_Frame_Ins"	0.898638167445413	0.898638167445413	0.898638167445413	1
"c.820G>C"	"Missense_Mutation"	0.943487157540985	0.943487157540985	0.943487157540985	1
"c.821_826dupTTTGTG"	"In_Frame_Ins"	0.901646348602764	0.901646348602764	0.901646348602764	1
"c.821T>A"	"Missense_Mutation"	0.750326803174309	0.750326803174309	0.750326803174309	1
"c.822_825dupTTGT"	"Frame_Shift_Ins"	0.599405654852318	0.599405654852318	0.599405654852318	1
"c.822_831delTTGTGCCTGT"	"Frame_Shift_Del"	0.950066750783005	0.950066750783005	0.950066750783005	1
"c.823delT"	"Frame_Shift_Del"	0.89765901771685	0.89765901771685	0.89765901771685	1
"c.823T>G"	"Missense_Mutation"	0.781864308848062	0.781864308848062	0.781864308848062	1
"c.824delG"	"Frame_Shift_Del"	0.906426007101579	0.906426007101579	0.906426007101579	1
"c.825_826delTG"	"Frame_Shift_Del"	0.658925586287356	0.658925586287356	0.658925586287356	1
"c.825_845delTGCCTGTCCTGGGAGAGACCG"	"In_Frame_Del"	0.857084609739927	0.857084609739927	0.857084609739927	1
"c.825T>A"	"Nonsense_Mutation"	0.865847599094167	0.865847599094167	0.865847599094167	1
"c.825T>G"	"Missense_Mutation"	0.951367326556614	0.951367326556614	0.951367326556614	1
"c.826_833dupGCCTGTCC"	"Frame_Shift_Ins"	0.895290305319759	0.895290305319759	0.895290305319759	1
"c.826G>C"	"Missense_Mutation"	0.949250407538715	0.949250407538715	0.949250407538715	1
"c.828_830dupCTG"	"In_Frame_Ins"	0.94063014076473	0.94063014076473	0.94063014076473	1
"c.829T>G"	"Missense_Mutation"	0.870850673740912	0.870850673740912	0.870850673740912	1
"c.830G>A"	"Missense_Mutation"	0.916311304562409	0.916311304562409	0.916311304562409	1
"c.831_832dupTC"	"Frame_Shift_Ins"	0.81859982079427	0.81859982079427	0.81859982079427	1
"c.831T>G"	"Missense_Mutation"	0.589296011654299	0.589296011654299	0.589296011654299	1
"c.835G>C"	"Missense_Mutation"	0.618218314260818	0.618218314260818	0.618218314260818	1
"c.837delG"	"Frame_Shift_Del"	0.881465538311115	0.881465538311115	0.881465538311115	1
"c.838A>T"	"Nonsense_Mutation"	0.715730972038162	0.715730972038162	0.715730972038162	1
"c.839_842dupGAGA"	"Frame_Shift_Ins"	0.50840918904815	0.50840918904815	0.50840918904815	1
"c.839_857delGAGACCGGCGCACAGAGGA"	"Frame_Shift_Del"	0.900647941428689	0.900647941428689	0.900647941428689	1
"c.840A>T"	"Missense_Mutation"	0.937690047953229	0.937690047953229	0.937690047953229	1
"c.841G>A"	"Missense_Mutation"	0.859407879431013	0.859407879431013	0.859407879431013	1
"c.842_845delACCG"	"Frame_Shift_Del"	0.899267588154929	0.899267588154929	0.899267588154929	1
"c.842_848delACCGGCG"	"Frame_Shift_Del"	0.658316552893532	0.658316552893532	0.658316552893532	1
"c.842delA"	"Frame_Shift_Del"	0.168672699837239	0.168672699837239	0.168672699837239	1
"c.844_849delCGGCGC"	"In_Frame_Del"	0.848513909200458	0.848513909200458	0.848513909200458	1
"c.844delC"	"Frame_Shift_Del"	0.824150621110836	0.824150621110836	0.824150621110836	1
"c.845G>A"	"Missense_Mutation"	0.9003706534826	0.9003706534826	0.9003706534826	1
"c.846delG"	"Frame_Shift_Del"	0.943111699551213	0.943111699551213	0.943111699551213	1
"c.848_849insT"	"Frame_Shift_Ins"	0.884251018295548	0.884251018295548	0.884251018295548	1
"c.848G>A"	"Missense_Mutation"	0.539973510108194	0.539973510108194	0.539973510108194	1
"c.850delA"	"Frame_Shift_Del"	0.807084556030373	0.807084556030373	0.807084556030373	1
"c.851delC"	"Frame_Shift_Del"	0.89804933944814	0.89804933944814	0.89804933944814	1
"c.853_871delGAGGAAGAGAATCTCCGCA"	"Frame_Shift_Del"	0.78651530326332	0.78651530326332	0.78651530326332	1
"c.853G>C"	"Missense_Mutation"	0.739498439490357	0.739498439490357	0.739498439490357	1
"c.857A>T"	"Missense_Mutation"	0.901652922289026	0.901652922289026	0.901652922289026	1
"c.859_863dupGAGAA"	"Frame_Shift_Ins"	0.794063459338935	0.794063459338935	0.794063459338935	1
"c.859_887delGAGAATCTCCGCAAGAAAGGGGAGCCTCA"	"Frame_Shift_Del"	0.729611922049406	0.729611922049406	0.729611922049406	1
"c.859G>C"	"Missense_Mutation"	0.663508696974191	0.663508696974191	0.663508696974191	1
"c.861dupG"	"Frame_Shift_Ins"	0.884984844552313	0.884984844552313	0.884984844552313	1
"c.861G>T"	"Missense_Mutation"	0.884885105729222	0.884885105729222	0.884885105729222	1
"c.865C>T"	"Missense_Mutation"	0.860712789284518	0.860712789284518	0.860712789284518	1
"c.866_867dupTC"	"Frame_Shift_Ins"	0.765315149526549	0.765315149526549	0.765315149526549	1
"c.872_881delAGAAAGGGGA"	"Frame_Shift_Del"	0.849632664497648	0.849632664497648	0.849632664497648	1
"c.874_877delAAAG"	"Frame_Shift_Del"	0.967952898305858	0.967952898305858	0.967952898305858	1
"c.876delA"	"Frame_Shift_Del"	0.933271516889037	0.933271516889037	0.933271516889037	1
"c.88_90delAAC"	"In_Frame_Del"	0.466750481403865	0.466750481403865	0.466750481403865	1
"c.886delC"	"Frame_Shift_Del"	0.929702274783022	0.929702274783022	0.929702274783022	1
"c.889delC"	"Frame_Shift_Del"	0.94906023396924	0.94906023396924	0.94906023396924	1
"c.890delA"	"Frame_Shift_Del"	0.84308015070707	0.84308015070707	0.84308015070707	1
"c.893dupA"	"Frame_Shift_Ins"	0.940458744540253	0.940458744540253	0.940458744540253	1
"c.905_906delGG"	"Frame_Shift_Del"	0.939359362480327	0.939359362480327	0.939359362480327	1
"c.907delA"	"Frame_Shift_Del"	0.979684300333483	0.979684300333483	0.979684300333483	1
"c.913_916delAAGC"	"Frame_Shift_Del"	0.765780660194623	0.765780660194623	0.765780660194623	1
"c.913_919+14delAAGCGAGGTAAGCAAGCAGGAinsCAGCAG"	"Splice_Site"	0.955221804479748	0.955221804479748	0.955221804479748	1
"c.915dupG"	"Frame_Shift_Ins"	0.888431765955884	0.888431765955884	0.888431765955884	1
"c.918_919delAG"	"Frame_Shift_Del"	0.94839211439788	0.94839211439788	0.94839211439788	1
"c.920-11_920delCTCTTTCCTAGC"	"Splice_Site"	0.899136438534529	0.899136438534529	0.899136438534529	1
"c.920-1G>C"	"Splice_Site"	0.686498074606739	0.686498074606739	0.686498074606739	1
"c.920-1G>T"	"Splice_Site"	0.461305290243841	0.461305290243841	0.461305290243841	1
"c.921_922delAC"	"Frame_Shift_Del"	0.466737847641538	0.466737847641538	0.466737847641538	1
"c.921_925delACTGC"	"Frame_Shift_Del"	0.827913502285928	0.827913502285928	0.827913502285928	1
"c.927delC"	"Frame_Shift_Del"	0.758291128944256	0.758291128944256	0.758291128944256	1
"c.936delC"	"Frame_Shift_Del"	0.87622936182049	0.87622936182049	0.87622936182049	1
"c.938delG"	"Frame_Shift_Del"	0.80917637589574	0.80917637589574	0.80917637589574	1
"c.93delT"	"Frame_Shift_Del"	0.850571407887116	0.850571407887116	0.850571407887116	1
"c.944C>G"	"Missense_Mutation"	0.347671027076034	0.347671027076034	0.347671027076034	1
"c.945_946delTC"	"Frame_Shift_Del"	0.726946864305581	0.726946864305581	0.726946864305581	1
"c.945dupT"	"Frame_Shift_Ins"	0.869542720425642	0.869542720425642	0.869542720425642	1
"c.949dupC"	"Frame_Shift_Ins"	0.818238857858089	0.818238857858089	0.818238857858089	1
"c.951_954dupGCCA"	"Frame_Shift_Ins"	0.928616458079934	0.928616458079934	0.928616458079934	1
"c.951_961delGCCAAAGAAGA"	"Frame_Shift_Del"	0.946134862914648	0.946134862914648	0.946134862914648	1
"c.955A>T"	"Nonsense_Mutation"	0.79890953511189	0.79890953511189	0.79890953511189	1
"c.957G>C"	"Missense_Mutation"	0.417416374616345	0.417416374616345	0.417416374616345	1
"c.958_968delAAGAAACCACTinsG"	"Frame_Shift_Del"	0.93712691652617	0.93712691652617	0.93712691652617	1
"c.958A>G"	"Missense_Mutation"	0.93712691652617	0.93712691652617	0.93712691652617	1
"c.959dupA"	"Frame_Shift_Ins"	0.908333813655324	0.908333813655324	0.908333813655324	1
"c.96_96+1dupGG"	"Splice_Site"	0.722623253708413	0.722623253708413	0.722623253708413	1
"c.96+1_96+6delGTAAGG"	"Splice_Site"	0.816347172471983	0.816347172471983	0.816347172471983	1
"c.96+2T>G"	"Splice_Site"	0.908625215935574	0.908625215935574	0.908625215935574	1
"c.960_978delGAAACCACTGGATGGAGAA"	"Frame_Shift_Del"	0.685800255444442	0.685800255444442	0.685800255444442	1
"c.961A>T"	"Nonsense_Mutation"	0.846077783635646	0.846077783635646	0.846077783635646	1
"c.965delC"	"Frame_Shift_Del"	0.904628201963645	0.904628201963645	0.904628201963645	1
"c.97-1G>T"	"Splice_Site"	0.888523848810858	0.888523848810858	0.888523848810858	1
"c.97-2_97-1dupAG"	"Frame_Shift_Ins"	0.887171153276617	0.887171153276617	0.887171153276617	1
"c.97-2A>G"	"Splice_Site"	0.620636662378243	0.620636662378243	0.620636662378243	1
"c.97-2A>T"	"Splice_Site"	0.750259292742369	0.750259292742369	0.750259292742369	1
"c.97-2delA"	"Splice_Site"	0.910769119144639	0.910769119144639	0.910769119144639	1
"c.97-8_106delATCTACAGTCCCCCTTGC"	"Splice_Site"	0.654438027087424	0.654438027087424	0.654438027087424	1
"c.973G>T"	"Nonsense_Mutation"	0.834784338039048	0.834784338039048	0.834784338039048	1
"c.97dupT"	"Frame_Shift_Ins"	0.80842741207775	0.80842741207775	0.80842741207775	1
"c.981T>A"	"Nonsense_Mutation"	0.791354703066872	0.791354703066872	0.791354703066872	1
"c.981T>G"	"Nonsense_Mutation"	0.946123945566832	0.946123945566832	0.946123945566832	1
"c.988delC"	"Frame_Shift_Del"	0.865687514757815	0.865687514757815	0.865687514757815	1
"c.990dupT"	"Frame_Shift_Ins"	0.919150980503388	0.919150980503388	0.919150980503388	1
"c.993+201G>A"	"Intron"	0.930358482444446	0.930358482444446	0.930358482444446	1
"c.993+238G>C"	"Intron"	0.417416374616345	0.417416374616345	0.417416374616345	1
"c.993+2T>A"	"Splice_Site"	0.662668461407403	0.662668461407403	0.662668461407403	1
"c.993+319T>G"	"Intron"	0.393642654552506	0.393642654552506	0.393642654552506	1
"c.993G>C"	"Missense_Mutation"	0.831293605175984	0.831293605175984	0.831293605175984	1
"c.994-2A>T"	"Splice_Site"	0.977592800619451	0.977592800619451	0.977592800619451	1
"c.994A>T"	"Missense_Mutation"	0.327497217790642	0.327497217790642	0.327497217790642	1
